InputStoryid,AnswerRightEnding
f6aad64a-e34c-415d-b895-dbfa187ed43e,
0fedd90d-5295-4b79-b2d0-15a2bad624ee,
018152fd-f984-4d05-ad1e-12f1fb7eceb6,
feef76df-b75a-4501-9c1a-f8a7b6ee442f,
929eaf8b-a175-4460-a885-43be8a89ca62,
e65dec15-d9db-4369-a048-ca25046aea1a,
bcce5b73-0c0a-4de9-9f0b-29b64d2055a5,
f07443b5-fece-45e3-8df4-92e5dd9898ca,
144f8b43-563a-44b1-b137-1b1e07e3752f,
2d45cd59-7c98-4fdf-b0a8-fa6abe745876,
940388e1-1d00-4cc2-b6fc-3e4a56aa9c70,
38225711-dd12-4676-935e-bfef8d2ac2e8,
1fb7be7c-b222-448b-b368-4ccd0d21695a,
2d519d87-9522-4e51-9f99-5330ebe001f6,
b9cf0628-9ee9-4245-b5a0-fe3a816a67d8,
7fc6c821-3f4e-414b-88b2-5b72a7edd1cb,
27954a1d-96c2-4d10-ba3c-766f9596aa5e,
aa9b53d2-3c47-4393-a059-9ef59c19efa5,
c618bb30-f191-416e-9e84-35e0af74457f,
0f20b37e-bb84-4373-a3ae-e7c2e4243b1c,
c8886984-5e07-4e41-be9f-89dda1794931,
98162ab1-d164-4566-9062-54c4efea5680,
7f3f5bc9-f01f-420d-947d-a6fa9d301dab,
51a80a55-0287-4074-90bb-68f07743bd2f,
b0633441-dbb1-46c3-8871-573149a973be,
44b8a224-f3f1-45c4-94cc-4a10fe3a46d0,
d0fb77d7-a959-4a8d-b718-c95f2cf85c7c,
7e7426e5-59ca-4114-bf0d-3414bd4adcb9,
3481e191-6645-47b6-92c4-eccc9f3b2b7b,
4ec9c3a1-bdf9-4824-a26e-952cd813d2a8,
f0dc2cf1-352d-43e8-91d2-2ca6a4c9f67b,
d81af094-1ae6-4b68-8f24-26ea58286561,
a618907c-28ee-4785-83e3-4632439da22b,
635302e9-0336-4291-a597-94588eaa9330,
ac7f06b2-88a4-4b4e-bdb5-eae9446c5bdc,
882b2f88-f545-437d-8977-76c4b8edcc0e,
efdc65c3-988e-42a2-b320-9f0d8c71456a,
01014fb8-aa61-4843-9064-88c2c33ac40e,
9bb0e922-bcf9-4911-b356-b9e03fdbc618,
3bb9cbfa-b976-4f8a-8e40-70ab9638d28f,
897de7e5-3310-41d8-b663-8998fabd2656,
1aabb257-5f49-4beb-bde4-1e21d7856153,
a91c4bf8-4493-4f11-86f0-c828ffe74acb,
5a599bbe-3c46-4300-a310-7f03681914e4,
d04a7411-1f20-44c6-9570-6448cf495be4,
3a0f9fd7-fcf8-4cc9-b5ca-79a176198a79,
cd5a5c96-9bcc-4981-b99f-ee9fd2628513,
cddb63c3-9407-46eb-9321-a26396239718,
a55c4d97-f364-4152-803f-c45506f3dd48,
28565664-1efa-44de-ba13-bc527cd2c46d,
c11e06cc-6275-4dac-b9df-84f30ecd3f95,
8e38ef35-00bb-40aa-803a-579cb08248ae,
63adc91b-35d1-4ecd-af43-f41f761d7588,
55fa5a2b-8aeb-4bee-915a-1cf1ce6e9a65,
2a7ad31a-6204-46d8-a282-d6516f710b4a,
34a70ad8-7cc3-4b40-aff9-5376b4c34700,
9dd924e4-a1db-42c0-9dee-06c17d882684,
b6422d30-26f2-4790-b478-2b63606ad9d0,
5a2d4515-c6ae-402f-81ea-52eb63da1048,
64146fb6-b661-4180-8b2a-949d5f6cf681,
168be871-a6cf-46e5-93db-b970ed779786,
02b48cfe-0940-4267-a511-466c2b045690,
98631767-edf6-4d92-9b3a-d2183539b4d1,
81065139-77c5-4213-9098-eeb8673c284f,
94e2268a-dd76-4c55-94b8-8bc508d2aa8a,
23a67208-e466-49da-a8ce-49f7c8ab2ea9,
15af2196-424d-416a-83c0-92b5a61a0e42,
69b69ac6-3a7d-41ec-86a3-a2fae172eaa6,
af6999e3-4a17-4f33-88bb-d3f74cabb9d8,
3623d963-7f99-4a21-b7c8-1c9ddf1e96fc,
112985bd-46b1-4a41-88ad-1b7d26500822,
c44bfcc1-e82f-44ac-96ff-8db33b0a826e,
08b6d632-5ebc-4371-85e0-e848ced9a9c1,
6ad57acc-daca-411d-a4b3-a45abb78a256,
a27b2a3b-4863-4552-87b6-fe028d3a37d4,
5e03aec1-6113-44c9-a698-f341f2343732,
7ee04913-2cc2-4e6e-8717-28147f03f585,
d87f44ab-8b22-4801-8eae-55aeb3eeb16d,
3fc9c343-e8fb-4be5-b7bf-edf00b826201,
05f03ba0-a9e0-4910-bafa-be25efe8bd23,
6e51ebf7-d5da-4f58-a5e8-a818a6f49b5a,
3c021b18-38ef-446b-9848-277547e7e41a,
5af598c7-63db-458b-b657-281e2cbc3af7,
75157727-55f1-42b0-8f07-af3f51aec36e,
054be4a9-5edb-4bf7-9a01-b3f094a1fb8e,
bbb0f5ad-3893-4988-80a8-dbc89ee6f5c1,
3e09405a-5fa2-4145-8309-1852b2c19d78,
d43b67ba-b467-42b1-83a6-ee88779c20c7,
a302d862-7267-4d15-a614-50bbe7f9f56b,
e5f919fb-3abb-4856-8823-09ddaab5e11a,
423d12f2-9c81-4bbf-a85c-a5c72d350fbd,
4f9191de-cb0b-45df-82f9-23283a89d7b3,
86a24d7f-c97c-495d-b8a1-3e8cc770b855,
a55578ca-86ff-4157-b302-17f45fad3240,
46644c47-8fcb-4186-8a8a-adbacb42d882,
55123676-a6c5-451f-8e41-383df4bd6387,
d7f61706-5f5c-4f13-b61a-a212114ef700,
068ff06a-3991-4528-a00c-832679daf6ad,
6e4ea98c-8b78-4f73-8b7f-3e0e1f560a61,
701e27aa-aabc-47ba-bc6d-20459e058a79,
15828776-d543-42e6-999e-cecd9d12fa30,
35a64972-0c53-4e20-8132-b5422877aff0,
6c6c7518-939f-4063-a88a-185ad813b782,
e0ddbbab-5db5-4190-a2d1-4d8bca0ea0ff,
c87600d4-4233-4678-ba39-5011ffdfe36f,
d4559083-ff9d-4ace-a31c-c546fa28e036,
983fdcd3-a925-4bf6-83fb-d53d8a135aec,
2fbba667-b85e-4cba-93fe-c22dc117beca,
81c92e8f-6e7f-42f0-8659-985cf04a7dc9,
27490bbd-432e-40da-9731-779a256e7d16,
727e4dc1-7365-4fe5-afb3-a9c3883c83b7,
4ad27488-60b0-4833-9fc5-03fcf5620847,
240253b0-b003-4919-a204-c922333cb749,
e434c21b-a0cd-4671-ae89-f3a61bc82ffe,
878f1543-845a-425d-ab20-28f7db0c2c67,
938097a4-acb9-4c96-8a72-b1fc849e9857,
01a81fc1-adb6-4db8-80c2-e47209950960,
f34ec40f-c051-42a1-8ee7-06e4f2c9ceb1,
e730f570-45b7-4f07-8907-e7b523c6a884,
0ee2d619-eeb0-4178-9698-4f2c95277f27,
b13453c0-ac63-4f71-afea-67f8518c776d,
4e362a76-cdc8-4901-afd9-8f7adfb27b43,
98dbee8c-f225-4cd3-948c-5be703ed8791,
230a4473-8c0e-4d94-a043-5cb0dd4b2039,
5e0f7b13-1e0e-453f-849a-93433900d2b3,
6f1171f1-ecb4-4944-a283-c3ce59123cf2,
6de94799-da9d-4e5f-8f0b-fd85d6c1954f,
d818749c-30ed-4fc2-b323-f29922f7711f,
177661f4-baab-4754-b5db-3a47213182b6,
a4472f38-3ffe-429e-95a3-75220560e690,
5ee153f9-e632-48b9-a043-b7998e4a98a8,
982aa1f5-46b3-4e74-bd7e-9d3c8587027f,
7e629fc8-d684-4c7c-9aba-408f6b1771be,
96ab4f9f-6822-4eb2-b0dd-dc116c433a78,
d5cf2160-6292-4fd3-a051-0debe6a57d6b,
4f77cdb7-6b48-4224-93f6-a5a68f793659,
a0ad068e-8515-4f6b-8e49-ab90527b39e0,
413b1e12-2dc8-4c92-9886-c044b2e4c4cb,
11e61517-52a3-43bf-9d85-d1d02c4b66ce,
3b07f3b3-ebb1-4f14-bbc5-bf44c8f2cfd0,
a47b019f-a691-4942-a046-f937d049d4f3,
1bb0b54f-3117-4614-82c0-71a7dd68d6a3,
f12acedb-9412-42d4-91db-130ba786a034,
70a61e26-3cff-40f1-a038-9afb34135466,
92ccd4b1-d219-4f87-a524-737a28fdace8,
cd0767a7-63af-4ce5-a704-f63d5097007b,
01aff7a9-e637-478b-bdfc-09ed09a100ad,
142dbc59-da40-4a1c-bb14-8abeee49ddd7,
e229b203-e317-4756-9099-b83638d1b5f2,
e16cc07f-dc8c-41ba-877b-9b3c5b217021,
b5185478-1fa5-4cec-8f54-e551a77d1c13,
435b33f3-d2a0-44d5-b43c-d15c3f6a0454,
49a786a1-4ecf-4af2-9c80-7c3d8ecf68b6,
e6b1e69c-bbac-46e2-acdd-6f29910a785b,
3b634bc6-b40f-47fd-8ab4-299e8856e1b8,
6d6e8cf3-25b9-4b78-a267-c05c05aa956b,
bf9b476c-2638-4c44-97bc-9c5173971c5e,
abdde759-3fce-45b6-b605-b3b739081227,
4826ec11-92a5-4399-82e7-8cb3274b6d98,
f50a822b-5bb6-40c0-8084-548f2a3e813e,
859419f9-22d9-4a48-a345-80a448057a49,
38d4fbde-5e51-4ec2-90f9-1b948a646ea5,
a3061cfa-3154-4ce5-8431-186f619ecacf,
cb8de64c-68f6-42bd-8e26-bac6e14f67a2,
ae65d237-8d45-4df6-966f-40e737b72e57,
7e306ab1-a302-4a04-80ad-da1be7e455db,
6bef24b7-8cdf-4962-a273-84a2057afc88,
ef6d50bb-1246-46be-8cef-21ff9ecdbf5a,
002320fe-05e2-4ba3-980f-29cb54d956cd,
9c915982-a147-4fda-a2ba-5bbdf268e62c,
110cfb99-5aa7-4bfa-a4e6-292b70bc3f3e,
1d05be1e-fc6b-485f-8538-5ab17a45807c,
2c5740c0-a1bd-49cc-ac92-2332962e3d2d,
48861b54-dbf6-4eef-921d-675360f5b088,
ac0cbde0-51b3-4311-8474-07abaa06310b,
bb4738b8-4a68-462e-8457-3033fda30de3,
44355dd3-7476-42be-95e4-4247c7443b0b,
3d131658-dcc5-46fe-80e0-259edeaaf3e4,
b1baec61-40ef-4ac3-9d5a-b6bdba5f36d3,
55ec034a-1e61-486a-b12c-1fad054e682f,
20756dbd-8193-4971-9f66-b51ff3c649d2,
83857ac3-cdc5-4ee2-81f8-be29d36f62a5,
1d68dda4-f1a3-4d8b-8e20-8b44c85f1b05,
f4c84fc6-086d-4b7e-8d8d-a13ba3f2ddab,
5059d377-5369-4507-abdc-30661c21b695,
03e8844a-c534-4cf4-a6c4-559b480140c5,
02aaba99-709d-4003-b80e-1e969b5526d0,
1376d547-2a12-4bfc-a43b-2abe919d4fa4,
99df7051-16cb-457d-bdfc-638d8564d7cd,
a242e9dd-ede4-423c-89af-65ec47ea41fa,
93100911-1715-4c68-8868-ae3de4f79058,
af1ce4c6-807e-4f24-8d44-b6409e81bcd0,
e8bbab0b-2de9-46e2-afed-0f6c786bb81b,
db0fe961-953b-47ce-8a00-2ee17246e383,
9f7bed86-2441-4162-ab9e-a4d0f1e5b3cc,
089c3bef-a915-4ad1-9501-68678cb40603,
cff867c7-e71d-4c37-9470-b23ff11e1291,
d53046f0-0842-4840-ad5a-328d28167b24,
51d6bdbc-4b85-4e37-8dca-472a16c719ff,
4d57ef28-2f0a-4174-98fb-cfad9f175779,
30d813b8-3200-4340-b240-781e43f43b18,
4d3f2248-d789-4643-83ab-4f5f44fceb7b,
5d48fdf3-ddc4-4155-b797-44712353b1d7,
93c3a828-f741-4f8c-a321-b1064fea5400,
031ec8d6-e916-4d51-8fa8-820fe2f6fa41,
9ddf4b22-58f6-41fa-a557-18e42b34f969,
2754b24f-e32b-4207-a74d-a0e64a8ce4ac,
d126c42c-d420-43d7-8c85-692b74a2d6d6,
ead06f5c-40aa-4af0-85cd-5d8fbdc58811,
7569f436-6179-47fc-9de5-5119ed0c3257,
7b1b695d-392f-4abe-812f-c20b9ed7e408,
e48a2988-8d2f-4a72-8f3f-e8b0593e337a,
e5f227cb-b077-4df3-a376-95ce4e8a3fee,
21db706e-46fd-4e7d-966a-c03320d34f3d,
53bb8708-fa03-4845-802e-fbfa48a628f2,
c5007e31-b421-49d0-ba94-060c4744214c,
6afd0f36-068e-4090-9c83-4814ede0ba6b,
1ec9d2fa-6b91-4b40-ba7a-da56d728b876,
5dd6e933-0429-4aaa-9182-564e0fd729e3,
21923440-7461-42b1-b6d5-c1407b90d3a9,
d4346d2b-9b25-4c8d-8916-8ceb5fa7d7c5,
abdf7e68-bc47-4ba2-8909-62af893d3891,
dd4a29c7-8a51-4aba-8320-f47ff3d28692,
efe4c5ab-084a-4535-b6bd-526d7d4cf9d7,
e2aeb0d8-c67f-4b27-a65d-d27ef6964d48,
7305d342-af51-404d-879b-1c5f7a6eb5f7,
9bcca294-c757-49ef-8e99-341153675a11,
7c0897d9-3144-42be-a4e7-a145ac8d9de9,
6b2a1ea5-84e3-44b2-bf0e-d9d71b1ad0b4,
3a81fb38-3e30-40f2-b8bb-a25b16bd80c6,
4e1060ff-95aa-408d-a9c9-a9b359af75f5,
616069e5-6b0f-4c9f-8504-f8b4049909b0,
abc4d3e6-2cdb-4740-8c10-8668687e971f,
155abe6a-2747-4c4d-a425-9b83c81e2ff3,
ae7bb57c-3920-43a0-87b5-3c932d4554c1,
c02e27fd-01e6-4131-93ba-8108218e970b,
d19c42f3-f604-4a62-8145-7eba89bfaa4d,
75d915ac-ee6a-4063-b7b8-d9baf17dea37,
a7b511dd-0d20-4159-bec2-668d0bd2249a,
f0c13217-b33f-4247-a472-b56cfd451992,
78f8a5ea-b839-4753-98e9-3910635dd6d2,
2a513ccc-1199-43a9-b56d-14b9b30d4d74,
7320a57d-dcce-4b8b-b40c-bb37b9f1891a,
7a9087b6-2977-4630-9c43-ab97abfdb808,
15680182-2868-40e9-b607-83b35d47450a,
aaa5438b-dc72-4b16-b1c3-bf65da459ec0,
6754b6a4-1cb7-4a7a-8aa5-f4c37f4bb115,
f86b1ff6-abda-4082-825c-0511e824e9c8,
7e89115d-3af3-4ad2-8752-39f74819c4e4,
e33cda8d-082f-4aeb-a46c-a31aa305783d,
421a8921-a752-4f5d-a30a-c42ea0d6e6ca,
40930b50-a3ff-48e1-833c-acb818a5ce07,
e355a320-d64e-493e-811b-33cca7d06570,
7c01c39f-e00a-46b3-8811-75c02b104d3e,
ba1faca3-f63e-4a0f-a971-4ba31d6dca37,
503bd4fe-a2aa-4e4c-9592-c899f8758d20,
c3cea1e4-d810-4a28-be9e-6169eae68e05,
496bb857-bf3e-419a-bfe5-5a3e17ca1508,
43b6bbd5-84fd-4565-acc1-336625e3ed49,
16ab75f0-1903-454a-a74c-e4e38e1311d8,
ed9ffc8f-fd5a-4e1d-9e2b-3285115c9e30,
0ea04bfd-0939-47f3-ac46-a7c1f41659d9,
c814532b-df4c-46e9-9e25-bdaedb7872a6,
fd75eb46-69d6-42a4-a1c8-a644c9bbceaa,
fc357096-a080-4db3-b984-e8ce0b563740,
21b6d945-a629-40e1-ba9a-5226ab828a3f,
62df59ca-f6a1-45e4-8de8-34d2704322a6,
4081dfad-bf42-4bb4-937b-46000b917e79,
867f4e36-bd3b-44a4-a827-22e87aa9b1d9,
718e053d-be64-4b45-b9f4-afcd88e8ea2c,
cdef4689-094f-4a0d-bc18-0ea5b93e1a91,
6d002fd2-4385-4da8-87fe-9744e98364a1,
c6051815-48df-4142-bfa0-76d78098bd11,
0dee68b8-0824-4a81-b147-95a794273679,
3d1e2d26-7f25-4ace-ba3b-d69ecbe1d964,
1b1e85a8-80f6-4d2e-8d5d-83ae57939e85,
07537dd3-29cd-4ef0-b0e9-f41d56439df0,
c143d162-4409-43d9-b80d-caac962689fd,
a7ff9175-e5ab-4fd7-91f8-321062afe668,
fb9174ba-78d2-42fb-84f6-70edee2cd290,
840c608f-4734-4312-8848-646136055fd8,
d40296b2-273d-42c3-890f-837358b6dd64,
8e13b5c7-f585-46f6-9e1f-31eef27a4fb0,
aebc320f-46aa-4971-b66e-55446d78581a,
c768cf27-c5a0-47c3-aa06-653dbd9f6107,
a72cd9da-2a45-4a7a-ad3a-e6bd474a12e5,
215a4292-9b96-4f8e-8d89-6868ac81a141,
2e030766-b029-495e-8c4e-cd443c958ab9,
19fff9d4-0332-48f1-9c0e-83828cf506f9,
475c6e1b-b233-4ac3-b659-647606ff985a,
5c6b2741-e7d8-46e8-b293-95e6f9a4cf3d,
ee8c06d8-0926-44ea-856f-d82c3b4f81dc,
d5becccc-a8db-4692-9935-cea2d8ea641f,
2eb5c3e3-e966-40af-b38c-41e0cef1f60a,
b72f1789-25d6-4648-83b1-85f9a4dea0f8,
7b32defc-ec7f-4510-b7f5-fda434f553db,
6cba4078-ef9e-4087-b9f0-a168c9eabcd3,
f2dadca8-cd6e-4ba1-913c-ece617bf7c1a,
4252afba-5522-4800-9de6-cabcf5d8b64b,
00989026-c2c3-49fb-b350-93e0ca408b11,
a6564a18-a307-4c92-94f6-38512ed877a9,
3b6586ab-ae63-47c8-8321-e1dcf12b6802,
628a7b96-5e76-4366-b53b-3b68cffc1ee6,
d102eb53-28ea-4af2-a147-9ab59701b0ad,
26a34adf-dc32-4ec6-901c-276c7f5f9040,
592d956c-cde0-4405-b075-083b84bce4b2,
c8139ab8-a810-49e6-a512-56c33d23bb9e,
71bf3cdd-1849-4b2f-ac41-6369ada1d676,
706388f3-72ca-4216-b089-7e50a95221b2,
2ad9ac5b-18d5-488a-b6d9-cd5495e20d13,
d8d4dd48-07b9-4c2f-b7f5-95d8856203a9,
e6182f4e-24eb-4e68-ace3-627e04e436f3,
46280b8c-fe45-4415-9dd7-e21992134e89,
ad60cce1-52ac-4903-910e-ccd528d2a020,
c38375bb-1a0c-4449-9889-0277faaf8929,
cf813965-cdb9-4611-9685-83d3d0b300a5,
8e0b9772-5793-457d-b901-599178af1fc7,
79505d49-09ab-4f2b-b979-7611cab86fa7,
3e72c0af-12f8-4a00-9264-4cc9f45408b3,
2e8b7d73-02b0-4da9-9498-129e0f629b7e,
f13c3abf-603a-4f04-9541-eb52236a712e,
6dad940e-55e2-4aab-b2f9-453fe3ec9f8a,
ae6e8dad-1caa-4179-a992-6d325f5c45da,
c04c303d-1c44-4052-bdf1-5a0105494fa2,
dedd0173-7e50-4033-84eb-00997e214fd2,
1ca02436-1ffb-442b-b52c-12d5e876356e,
6d53c079-3aff-4a73-947e-55d2cbda8c23,
54e216f8-b0ad-4e47-af0d-f11f86241219,
939f7dd1-818d-4478-be6d-4841907da4df,
cd557dd7-c06b-4817-bfc9-b4770eed082f,
3553f4f5-bfd2-43a2-8253-b2fede137bf3,
70909d64-76b7-4bf9-a550-6e67fc599a4a,
81bbaeff-d509-4143-9fd3-344f3e96c694,
32291ad6-510d-4533-bff5-5a2a7a3844d0,
bc70b5bc-098c-4fb1-9bc6-b2b5f3538d83,
8b1b0ee0-dff8-4161-bc93-da8779f8b138,
b11d2664-5d13-4868-88ae-a1e123d96893,
39d8b7d1-3dc4-44de-bad8-9e44f11e1ab0,
022bca58-6ad8-49d3-8dd2-6ba50deabb63,
cdba3b92-8e81-4ab6-b8e9-7aff1e63b11b,
8483d3da-f738-4d67-ab0a-f28923c7fedd,
27ac5680-3792-4091-b6bb-08b463adbcf0,
63c9bb9f-178e-48b7-a684-51f864332258,
92882b41-172d-4455-a7e3-fe5badbc1214,
7379d0c9-3529-4c8e-8c6b-109ea69b80f4,
dd0d81e5-8bd3-49b9-bb70-e3ee1768a4e7,
a46e8913-e0e4-43e1-a885-7a4497ca36e8,
b4e0b844-4494-4b8a-a102-cdea714743e4,
4e3912bd-0e81-46fa-a76b-88d1829c9c4b,
96d0b6e3-1123-4ce4-b052-69612cd406b7,
c6a76a11-0934-4443-93bf-4002ec126f13,
b767595a-8508-4bf5-b821-747f35752dce,
c27aa257-66f1-4a34-aa62-c44f4c87e762,
ebffadc9-9cdc-4090-8000-2d5613591c01,
47726165-f00a-4623-ac2e-63803379304b,
16c71582-2d3d-4aed-87c0-18354f4ad033,
0b5fabe0-5071-41a9-8b65-0ba683a7de03,
83041940-1bd9-4429-b877-985498be4448,
9c3664e7-dde6-44e3-b4b5-a745339521af,
ae916171-7fc8-4dcc-bc8b-d5ea3ad213a8,
4938bdd6-03e1-463e-8541-b4974eb29056,
f0ea9012-5e83-46e7-9281-058445ef8db3,
1cad5341-64f9-4855-9b78-e6c710d29c68,
bb7f7788-2571-41ce-b1d3-4c8275dad512,
dadcb638-a42c-4d6d-94a2-d0a2f366501d,
2ef4c2f1-605c-49f4-81f9-fac7263e2509,
5c275021-4ffa-4f23-85b2-c0fd1b8f56fd,
3e68306e-4880-4130-8982-7e176a34f2b0,
08619cf5-e360-47d6-8a34-38ddc68d1a61,
0333f93d-694f-4fab-b79a-2d5dc5d64d6c,
40259c99-69f8-438c-8762-156141216b5b,
cc481c14-20b5-49cc-9e34-b54d4a81501d,
4cf86659-ff3d-41d1-865f-be59951ea525,
0f96619f-1fff-4161-b837-71d08fe50756,
65b0be93-7c0b-4ca1-bf59-03a3d9a17ef9,
aaf9a121-cd8a-4842-8253-6dc4b6297e88,
a5e040fa-f8fb-4061-92d0-9b37627794a0,
19ca7592-10f9-413d-8631-6bc5a374bcf2,
9fd97440-c3a5-4e7f-9726-d37590dc0f38,
d6b980ae-0419-497f-b0dd-dda6b19fd9f4,
a8a3834a-83e1-4feb-b2f4-2c7b16d64de0,
377f2ad7-c198-48b5-b042-ecf775b7440b,
a6cace7b-7add-4f0a-b4db-51533500ffae,
a6efe239-cd0e-4a33-8870-f2335122cf4f,
cf94513e-8b95-4c72-aae3-055305ced92c,
615b5bd0-ee69-4f4b-a6ba-4da3ed5ed052,
06e4a911-1928-4c67-a0fd-5e4601ecdc87,
56e03932-dc60-4977-a6c6-011f7ada01e3,
1be8f44b-23b7-4461-ae45-8fa2b051cb23,
66e4702c-8625-46cd-b135-fd037aaadf87,
c6d8e71f-201d-4325-9469-c14ca7e95377,
607ca7ae-30c9-411c-b531-39cbd61ee77c,
c530d354-5774-4b5d-aa8e-2420235796b5,
2055cddd-d3b8-497b-b4d6-b9fc81b0727e,
4f2b9926-9c70-4ab6-9305-8a50a9186118,
d9a75de7-0273-4ba4-a88f-6a8cdafce9f8,
df2775a5-8afb-4fc6-bfd7-7479c5c8f343,
db99698f-c952-4557-8f00-a7f42e349fa4,
c8ddcdc5-e214-4c9b-8ec5-98a0ceb42729,
d3c6f92c-2cdc-4cca-8df6-80df35e664c4,
8429a114-be18-4cdd-9241-33a5d9276747,
0f4a9b02-3e47-4c71-8a73-c5888e3f2acb,
2a5fad62-b9ab-4d7b-92b7-1b4a43cdef32,
76a9d269-762b-484a-aac9-d05ae01b96a5,
79664b75-4594-4ecc-b91b-2b35536e3da7,
1e9af22f-116c-4e3a-88d3-c866a79bcd4f,
f95e145e-d53f-47ec-b3a2-fc55b499d999,
de64a30b-479a-4f30-85ed-2e2313e4d5fa,
2facfa97-1042-4a08-8be7-9eb8518a8968,
3724922c-2bc5-46d9-b925-6526380a333a,
a00fffe9-0f96-4234-96ec-977467d7aebf,
5d7d78f3-18fd-4979-8a21-0dba8bf1bffc,
7f172466-5063-4b36-8548-0bee58e49222,
2fe0c6b1-b0f1-425b-b65c-938d2ca6797c,
7677209d-6527-4422-9cf5-51cf7b72fd8a,
9ba3f7ee-4b8f-4844-9db5-c189888b42a5,
8f9f1723-5c0a-41e9-bd8a-d6c3a7df81ed,
8a42ff98-1d4e-4ab4-8c8b-04537c236968,
cc8a3e73-877d-439c-8008-b972d32f3bea,
2874fbe2-c7da-446d-925e-37c82961361e,
45276cde-f8a4-4ca5-96e3-3ebdd2ad7259,
544f2bac-4b38-4dca-9d6b-70c126b30c29,
33818a05-6a2f-4d8e-86a2-26619f3dfd1a,
e2bf2c42-8665-44bf-b24e-492c85f5bab7,
8f0ff448-e7e3-4ac4-818c-8554e263b250,
c835f8e4-0ae1-4868-b803-fb69b78bc1d9,
4a871272-e652-4a28-a97f-e977e01e5fa5,
76c82669-c159-4fa1-b13a-511e3712dacf,
eb530c92-b4b1-4a8b-8854-6eb9e4bd3074,
7bd99046-82d8-4048-9a53-86b01ba84db5,
c4e54732-7500-41cb-8003-a8e9aea3ac8b,
66a68183-c3ed-4fa3-8ec5-955abb9df9ff,
b7570be5-fd3c-4222-93e5-58ad27bff9ab,
7daf4e8c-55e8-4e3a-95ee-53f3812b0aa3,
b25a7f08-0375-4346-b30d-eb44bc000140,
78d46718-71c9-4b99-9d5c-4b07676c85b8,
804a88ca-eca1-4e48-86cb-86d983d66a44,
ed116db6-dacf-4c24-bfc8-3039ed4c4b31,
f4b1d471-3e5f-4df6-9444-01efbe3f8471,
992ef38e-b77a-4760-a453-a32885fbb00b,
13a29eb4-9d59-4ffa-b7cc-f2ab77490d32,
0752a28b-210b-4fec-83ce-23c0e34983fe,
5cfa5c24-b9d4-4b3f-85a6-884740777700,
09aac09d-9606-44f9-be79-fd00f9e22ee0,
edc1f37c-4956-49bf-aa4a-c98f780d83ec,
54b9d2c3-8686-4024-9322-1bcffb70a04e,
867b2d60-e65c-42b2-a35e-f10620d119fc,
7fcb9fb4-bd8e-4589-bc29-6cfaffc3e23d,
8e68037b-8ee8-468f-8b58-412744be1e6e,
15940c8a-3926-4cf1-b931-18ddcc231c10,
8dcd70ea-f986-444a-953b-9576a8c745bb,
5c1fab25-2308-4a4a-86f1-f72223f73d2c,
a3104b67-6f58-4812-bfb7-e737d1ead5c1,
86269009-1cc5-4f8e-853d-d6722dfe86fc,
2ecf01fc-83ee-48e5-83eb-8d31a516c4da,
7be327f9-38fc-458c-b8de-90cee4f3fcfe,
f8f4362d-eee1-4c32-9b62-b16e5b48029e,
999a622e-c1be-4697-b1d1-641c4b0df5bb,
bdb08548-48d3-4957-ba12-a73d0ab6a1e1,
792b7954-63a9-4798-894c-e9a892f3eda5,
4004a85c-a366-4adb-b03b-843790f888a7,
bdb721c2-c9c2-45df-9afe-8d62083dd2d4,
2d7c1194-6799-4126-b191-2eece32ea677,
09072a3f-af44-4546-a2c0-4dfd923c4b29,
485f4e45-5732-4850-aaba-61e7166f97eb,
b89e2f24-1f23-4f73-801b-ec0ccf474661,
276f1655-4b1b-414d-b27f-0df88867663b,
91570e42-441d-4f7f-bf33-a5cb4fc1df05,
d2d2c33a-cb16-402e-8d89-8df491f67d30,
377df170-e13b-41d0-8cb9-b6612da07608,
6c39e269-45c1-4b04-85e5-2620d1adf45d,
1824c2fa-86e7-44d4-9fe0-ecb59374e855,
b3309e75-ae0b-4c15-9d2b-f1fb8f7e3396,
aed7b475-102f-4f74-b8b6-e9abe83db8aa,
3b2b1661-c46a-45be-91d5-2682c698dd46,
80115138-c592-4353-aefe-4ec423e2a837,
7d4d9393-6fc4-4cfc-a528-e49dcc9dfaaf,
1f1799c9-2bc9-4722-9e68-d5190530da36,
045a3225-9168-45da-a55c-8829b7dab124,
867d67af-cfcd-4d90-b9cb-b117ef2b9bdc,
0e02f8fd-2d66-4667-93bc-064fbb228b05,
a6895620-c650-4aee-bafd-b23a5708d5bb,
c73b8087-b6ad-4e35-9118-854d8a8b565f,
d1b76dfb-ef84-4e23-b1ec-ba77eb477ee9,
ae4e472b-d906-4ff8-81bc-6290b7f96c65,
55304471-44f2-4d54-a3fc-20a9bdc47f68,
240a60d2-2ed8-4739-a479-160ca9d66e4a,
5c15d742-cd6c-4797-8753-fb2254129cf0,
796f35d7-297b-4c47-97c9-df50b3c0ac52,
b5f9f2dc-8409-41e2-92e2-04de82890c78,
c4efc134-509a-456d-a391-7396c9b36678,
ab9fd49e-0b4c-4083-bade-c2a2dabe5eed,
4ffbdd8b-e396-4a2e-9823-7cf5fb27998b,
85809c1c-b0d6-496e-832c-5e4addf5ea98,
2111d43e-7264-44a3-b20d-bdfd5093cb32,
820bc5d9-a46d-450a-9ab8-af052f7ef48d,
bbbef3ee-727e-48e3-8eb3-6f4fe4338941,
d7d560fa-cb07-4918-81b1-0c66f2b88a16,
0a499eed-e526-4b4c-8195-8b975595dbdd,
93aadeda-d961-4ce5-af09-906990abf7ec,
2e5c523c-cff2-4ddc-aec0-fe115d4811ae,
57509bab-b219-4d38-8a5c-f559070bba16,
eca67d51-cfca-4730-adb2-c1b2575eb162,
5babab6a-a631-47d1-a673-84f4d37c4ca4,
ca5f432a-9a09-4330-9a0d-ee31886124dd,
76ac1c7a-a373-4e15-9d6d-5e7f973f5ccc,
97153c96-70fc-46c0-a35d-e9524c2ce088,
961f5a5f-dc30-48e6-9936-f787300056dc,
8f3f3800-17bd-4de5-82d5-ed00457dbfde,
2519f96f-9ed6-4e02-9ea5-3bda1627ff08,
26eb568b-6024-4b15-a10f-48f0f28ac575,
59321bc9-c23f-46ab-bfa4-dcdf786fb714,
e2017624-8d36-46c0-ab67-618ab0a0d74f,
9923e6a5-5b24-4fb5-872d-5861d57c3423,
6c4850f8-672f-442a-b5dc-c87ba83e8663,
8b17d201-66c7-43d4-88c6-37ac406499c2,
ecd094d4-444f-491a-8d41-a7946c4e0152,
a600254d-020c-4227-9f46-1bdfad824357,
4bb665df-8f1a-4bd6-9a10-54c4ec89b40d,
69b931c4-3408-4782-bb11-a18811f648f0,
00071ff6-f415-4827-b86d-7db7ee79a4a9,
c1adde12-dbbc-40c2-9462-d1feb28013aa,
0c83a608-bbe2-4b47-9e3e-8beabffb7836,
868d3194-8c82-4717-b8d1-51cf08ecc6e0,
49d2e1cc-0258-450c-8d2f-3ac767f62ecb,
e5fb3d51-5ad0-431a-86be-4cc10815ef1f,
f04d8cf2-a585-4c74-ba54-958b3ae906b1,
313f069e-7471-4cc4-ba22-1a9212b79336,
facd517e-938c-420b-b5eb-e80b63613971,
434c073d-4ddf-4949-af6a-2236088a890a,
b4bd6dda-ea49-4704-9a40-0b120cba50d7,
de5cca7e-379e-4c20-a275-de4ae817f07d,
04b7de49-6228-4c93-b4f5-103a4734c283,
a300ed24-4540-422f-b15e-e9ac1d48d3e2,
57aad990-a4fa-4d92-a939-3484a359b714,
b4c755ca-1aa9-4f63-9d91-7014462c7eac,
194c36db-8af5-488d-8272-f5f208786cdf,
77a4b480-8343-4d94-8369-a4fec1989f89,
88d0ef39-c6d5-457f-89ef-08a53e819bc2,
e0d5d30a-c95b-4ba8-8ff1-4c39495df91f,
fd2c8f9e-f785-49ed-bae9-b20a084883eb,
888afc55-27df-428b-b911-9f0cbc651e33,
d0bdda7c-62d9-4afa-91ae-c7fc436c8c6e,
2290f514-97ff-4b97-9ad4-eb58210b278e,
415d6dd5-3b47-4c37-bf9d-6e66c15cf3ef,
76c6a1a6-49e8-493b-a6f5-03482b0e1f9a,
1cc4b031-051f-4733-936b-d61cf9988ff1,
4056c165-3309-4bd5-afff-759f454fb0c1,
815240a5-8dcf-4462-b3ee-987a9888238c,
bc598413-263b-4fa0-8b9e-16f0e39cd875,
b3dd81fd-ec20-4e16-88f5-fa0c920d985e,
8532bad5-51af-4423-a998-9795a8d28ed8,
72ac7837-912d-4495-b970-fa2f22034f78,
12e802c2-8157-4785-b691-08c28a34425f,
ea06eb87-b145-45a0-b29b-54939f11923b,
b34f3901-bbe9-42f4-b9e0-f4d1dda844c1,
5c423cd0-92a8-4bf3-b53d-830f1befc42c,
8afd0b5c-5698-4222-af1d-dda9b402f98b,
791c3c1a-5b59-47f3-870b-5c08bf135035,
5ccfeec0-2366-46d6-a21b-90f515b02561,
f3d757a9-7cea-4146-b9bd-3a844de388aa,
f769fcfe-1b39-4296-b988-fa2411a09047,
ba71f392-1791-4039-8d4d-3470718f39b9,
a2d09277-4661-45be-978f-eaba8450c2da,
590a2df0-6270-4933-8f6a-39c66aae806f,
10d4a1b6-579c-43c6-8f6c-b444a250e5be,
217855ee-cfdc-4842-b659-3ec5e3521e89,
3191c607-549c-411d-a862-bbbae36dace0,
f075315c-f5c8-4b05-aba7-ff50dae0a364,
b03b536b-4cb8-4210-be9d-9277b67d237f,
d94300c3-c0f2-4fe1-ac14-21bb33dbd144,
436facac-2373-487d-8dc1-fdebfc49aead,
4bd3264b-f38c-4098-a9f0-3590fecbd2c1,
3ada1e3d-0b91-4f99-b210-b7a2f5c35cb0,
06824a24-7e3a-4f06-9cde-797079fc1b38,
bbcfa6e5-f64e-4d4d-a3f9-4595c7844021,
a0faeef0-c69a-4f48-9945-2012f177eac5,
9edbdc70-d891-4d14-b652-7c0d77343d1d,
92beabf8-bf22-4ddc-b524-a445ebfc94c1,
9ea24fea-2c4b-4063-a995-bfc26f433455,
c97b1b96-6806-4784-911e-cc291924b364,
5cdbe367-b60c-44b2-bb47-8f7a0653f2ee,
53fb286b-01e6-47c0-a9a9-533f15e2eaa3,
def2ecbf-ba81-445f-a89f-55fcb98b532c,
f1038a6a-19ea-42de-ba95-85f61ac8aab6,
f9c68a27-53ab-4cef-838f-cd1b636e127b,
1d350908-5032-48f7-9000-ea0e0b6c0185,
3d3c5820-98bf-4991-8cf0-683d2bb143f0,
08b5e93f-5232-44c1-9527-a5b7d0955a7a,
65c04608-27b0-4c4c-9956-0c5042794ffc,
d7e7b183-8302-45ef-a295-c30ec1e09e05,
412a3039-4088-4907-9b35-48ecf6951480,
e5394322-2ace-4423-937a-3187b6e9c23b,
b978a494-7f4a-40fc-af85-2abaae70892b,
090f8e9b-4cbe-4527-888c-e34662617824,
b343003a-5004-4dcc-9eb0-4e6349c95784,
c85d654d-c8af-482e-82c6-55df12b47516,
4e114224-5509-48e9-b612-9c208145442a,
767297bf-735d-47a9-affe-32f140c56e03,
3a189604-8ded-45d0-a7df-a86ceae7c095,
7359c773-678e-4805-9e63-0693f87d5fb1,
9fda0892-f46e-4f57-a372-46a67bfcd0f3,
f03a2955-a7ff-426f-a45e-52a3e2d2b67f,
f0579548-e4f0-461c-9301-79f8aa68c999,
f870618d-4d21-4eb4-85f9-458461186b88,
c9360768-485c-4aab-8973-392c4813b558,
55ff6251-7d05-4387-b5bf-a51ac7f0f059,
ea843645-bb0c-4aa4-884d-97d53e5a6354,
36024523-320d-4ae8-bbe8-b522899599f2,
e1cdac12-438f-4e48-8cf1-b7e1db31f75b,
6a2cddba-61d8-4cfd-aedb-ae5bc009cb2a,
487d1854-1fc2-4443-bbe5-c92763f3918d,
90e78748-764b-475c-a615-496d23d92ff8,
b45b54ff-56f1-4f7e-b2ec-087be41abd15,
1ec32027-20f4-4821-94b3-90b22b043567,
7ef71c0e-30d4-4503-aff2-fcf637743b42,
af3b54e0-9323-4ebf-9bb3-bdcdc8731c5a,
d9d74e74-39f6-4f56-923e-b46fdcf34f55,
421b4a56-ebea-4418-b4bc-685785115ba8,
4d15beca-f5e6-4ed1-92f4-863961ab182a,
d0e20c58-ceaa-4acb-b9a5-a79aee83b1b3,
ca051122-6fea-4d60-8d6c-40b2ef572602,
ee0683e2-3215-466c-9b96-59f1207dd4e2,
4927b81c-b98e-4fcf-bd9c-7183631e645b,
573e7df2-3c6b-4e16-b847-faa98686507e,
f99f9f14-6d9f-42cb-9460-ad2c001bb352,
cea220a9-40a6-40c0-a5e3-dc0b79067f02,
4f8ce7d7-b217-41d5-b9d5-976b170e96ac,
b77edf2f-e227-41a4-8dd1-453431555792,
c6cc3602-7952-49cd-8450-2d2f07938f5a,
bfb07750-d422-4c91-af02-0356f47ad8d6,
15e0642e-db44-459d-8638-a030f645c182,
a9206034-ec33-457b-a578-216b4133217b,
614f64e3-3a1d-437f-98f2-727a34f4c6af,
80813095-325e-47eb-a033-a19052cba869,
404e945c-c67e-4428-b087-66d37983dda2,
566f54ee-de8f-4d9e-8956-83bf3d90ab75,
430ac5f7-1530-4e7f-a156-7cd61fa34488,
7d3c8873-bce2-48bb-b41e-80dd36091ab3,
0494d812-549c-45b4-8c3f-08a83bb07b79,
0a425a9e-1ac6-4c26-b21e-2fae54f266d0,
1ea66929-803b-4796-b472-15361a6072b0,
8ff1fc73-468e-40c3-9c7e-035e89544681,
dd1af5b7-7d5a-41ac-bafc-07f438c6ca26,
7ea47fa4-17ac-457a-b697-5c5d380f8cf6,
e8482c30-aece-448d-8112-a04d0ef06dba,
c290ea5a-0496-4e63-a894-ae2baa37d8a7,
79422b82-9a81-4fb7-9e5e-7d91b01c771b,
cc6d4e6e-e775-4de5-8163-6108d53833bb,
4375c35c-38c1-4891-afbc-d37ca9327938,
e2349718-8121-4417-80e9-e58fa0df7bf7,
4ab00063-e94d-410a-99d7-d49e98930228,
35418e2f-b7ba-4851-b887-68ea7a8e2104,
e052ccc7-0041-496e-b360-29c2738aee03,
9dfd3575-3428-413e-973d-d47c995f7ff0,
943a7f6e-09f6-4ef8-af54-bd66a3389146,
123dbae6-9bfe-4327-aaf9-3f4bad0f585f,
a61b909a-38f6-4745-a749-ab9a25f285b1,
38970a3e-8772-4537-b1b3-8aee77a71565,
e0b7abd4-4f30-4dfc-bda4-18a3033b0cd3,
cee3b762-adbb-497f-adaa-8819cdb55a2a,
5ab7c0fd-71ff-47f7-bb9f-1fb78a360f3a,
a2f6396f-dfa0-42fe-9385-cd85faad139c,
d07f4176-236f-4f7a-b335-8fbae027ce88,
bbbcdf52-7f45-4e22-a8e8-a9a8be1ff9fe,
077e9a76-8a05-48a7-8f16-c0d80064f1ee,
f2077e3f-db15-4364-8bcc-01e4193b8993,
83955419-85c8-4c34-a0e5-2fb9e93967f8,
b95c420f-3273-49b1-a967-4e7669fb0ae7,
2930e7cc-3675-47f9-8732-eeb7985f9116,
70b752d5-102c-4c03-84bd-0aa22eef1b36,
918881c9-bbe0-4251-9cb9-9054bfca3ddd,
998f5a16-5d17-4dcf-9573-27a5f992d755,
0ce6a02b-8f2f-4411-8679-1015050ae27a,
158b58e9-08bb-44cc-b8ea-8c2c8f6fac5c,
4039594e-636c-4da0-9df5-1df052632485,
fa2c114b-8619-4c3d-8175-598ab7d34672,
14ed945c-4ce5-468d-92b0-e4e6d977b226,
608838cc-827a-4fcd-9146-63498c7165a5,
d52c8222-0760-4068-8788-f984e7ee7dfe,
05808dec-5855-496e-889b-53af6b5b6125,
d29ac97b-349a-408b-87c9-cebdf14fffd7,
e99bbe93-ff68-4460-be28-97d7a99f9d17,
66aa9e9c-f976-4c78-8890-50bf4f4c9e0e,
e38dadf3-41c9-4610-83f1-16d6c59f6e1f,
7f310642-1aab-49b1-a17a-c791fb6f8544,
fee5cd6d-4266-48cd-9f5c-4115516dba9c,
549506f6-8cae-499b-acb8-f969650c7363,
d1a9c8f3-257e-437d-8154-3882493d4998,
dabb073d-9d4c-42fc-ad29-44c030bd43ab,
b147246a-1464-42a3-9371-399dcf1ae388,
53cdd4a2-d292-4fc9-8631-46dcc2de1bcb,
72b0691b-fb9b-499d-afa1-372332fc05e8,
7e0fd693-966c-4d9d-bbe9-fc68784f9c1c,
eead3ec4-17c2-4f52-b124-c5cc93dd95ae,
1fd033b8-8599-4daa-babb-579a9b165772,
ab7613e3-ebdc-48c7-8a00-6fbefa134e91,
e3ef8baa-afc2-4338-853b-e7c839ce5db9,
4ea02e15-156c-4af6-b5c0-cc88e0439e59,
9d560db8-2107-44d2-8d9a-dc5154bed148,
d91a88f9-a2fa-4661-abe6-9973afa11d5d,
506a946d-368a-412c-8cad-b7cd159ae20c,
ac43814d-7c7c-469c-a7ee-837beb19a66c,
9c71ef30-a662-43f3-8fa7-22a2fb5d3b3a,
1b73f2ee-f0f3-427c-a06e-4e1821ac569e,
93e3cd83-73c0-4c76-8f5c-a0d2bded4a41,
bffafe86-a2cd-47a0-8f12-9a9e94eeb635,
00c6554f-c8b5-44e9-aea5-c385e49a8ab1,
09e642ae-ea63-44b2-9138-8cd278f88549,
6f2d4c8f-8a0d-46d5-b761-5bf56de6493b,
168c4c50-b43b-4071-b440-31f9aa13addd,
56f99edd-ee17-4950-aa1d-bbe39663871a,
75698b0a-2df8-4e46-af70-b455113bca5b,
964bf871-17f6-445a-a1db-0d90cbfee6e8,
9876c465-f03e-4741-91e7-e7a84e14e816,
7be4c3df-7c77-42b7-89e5-b2e68109aed4,
9cecda08-a5f9-451e-b4a3-3af956f87757,
28d0beba-4794-401d-ba6e-5dd89b04b1b6,
51359992-95cf-43f3-b7e2-a9f8a6f4d343,
154f6e17-9c54-4249-a6ba-8661785ea62c,
cd139737-b796-49a7-a38a-3bf26f09b6c5,
14c44f3a-c791-48fc-bfd5-4b4163c6cd28,
58e5d18b-f373-48ae-bbab-887b2b6d5b70,
8926f7af-9e16-447e-8bf8-a137df916da2,
c97dfcfe-b627-4819-b65f-6dd512cab01d,
b36742e5-726b-44f6-ace3-825176f7cd33,
02bd350b-8ece-4723-bacd-0da302ccca43,
ed2d438b-6f9b-4d1d-bf82-17247fa788d5,
ed0c0964-3456-409e-8d9d-66cb54ea7bc9,
75aca781-844b-4159-a10c-7c6706fffcf9,
dbb92d23-5b29-4b51-b4a6-cd0aa69e00de,
6d464748-1bc2-4a58-831f-167f68ce8315,
15b2140d-1d81-4717-b0d4-3ed2028f0bc0,
bcc6b8ad-a5fa-4e9c-9976-2513eed11cd0,
c0151486-3b8d-4fcb-9405-1e8328e1be10,
5f6bc9c3-89a2-426a-b7af-7c1d0c6dcd6e,
ad6a1eed-1200-4278-9c5d-89077079c544,
cc566559-f99e-4afc-8929-16382404fe75,
92529a7f-5ba3-4542-a972-5ee4d8863ba6,
eabf2a10-d3ea-4442-9ede-09d3cf2aea31,
32b1e29d-8b44-43fd-9702-46c10c48d39f,
7eb978d3-867b-4db1-a9e2-c32a44311145,
23d8be01-07a4-4f0c-800a-46cf1fc5b35b,
8a310e44-be37-4017-ac9c-c0abcfc9876e,
fa7c747a-84ae-42b0-a42d-3fd2ec39ee7f,
ddc6dd75-87f9-499a-b008-3c4b6011b0dd,
a2a160fa-4c23-4f0b-bfdc-56a0577fc7c0,
d4ae5a5f-b743-4ab8-8faf-5838ecd326f6,
a6f02513-6b84-438e-baaa-2875bb08f653,
4c361124-1645-494e-819c-200d01d11c67,
fd0af70b-59e2-4333-9c37-72d9ee63bcce,
d76a813d-a050-40a6-90ec-2772a997f4ed,
e3441b49-fa44-4d74-8791-623cf0dd9fe6,
69e6a681-11e5-41f8-92ef-bf1a07d5c322,
e21a704f-4c23-437a-806d-d692b846b13f,
37e4e9a8-7caf-49e8-b8c7-464e5c74325d,
83e8193e-4767-4195-92de-fb49746e7a2a,
f34c3200-67ef-489e-aa17-9e9401129e12,
c4a94aa4-fbf2-4b45-8cf0-5c5183e21cb5,
b4fd5c04-61d5-4180-ba17-a19f221cf207,
b34a7d42-4575-4153-87f5-4458ae3bdc80,
d543cd03-2e1e-452b-80ed-604fbddf7f96,
d1c832ac-55cf-4f0c-b05b-55902c1cb28d,
3bda3ddf-be94-46d7-b98f-20df0b3e34e4,
17c3d84a-9249-48d3-a9bc-625c3a04ae74,
b37e5fb4-3368-4ea7-8867-e92501266593,
896c3e99-dce0-4faf-94cb-8439492a37e5,
cb1e535f-cc46-434c-91ea-063ae4546d71,
5e00a1e9-f34b-4436-9641-72faadbfa7ba,
e8247080-7a7e-4658-98d1-af47538f91c6,
ec988a44-d749-417c-ab5d-13e856d782e5,
ca23e6d9-2e06-4d2a-949a-752449db6d10,
63faa4a2-9d76-4e3d-ba16-a0a7c4a21f24,
082e450d-a055-459b-af14-a9c618fc691a,
03bc3ec0-a60c-43b5-8b07-a45b9aba0690,
f0f03f8f-6e4c-43d9-b572-b6641da534db,
6827e098-239d-4dfe-ba26-3d484c3bd3a9,
bc9b7948-ec49-4dc7-8c29-92678399ac93,
75c78862-b60a-46be-a353-c5a6054d260b,
f1f09256-da2f-4c4d-89a4-eed1f44f3352,
0c83eeec-a3a4-4aff-a01c-8365fcb2a690,
ba5a9965-eaf1-484d-bd62-1d246285f9d5,
1e8fb57d-483e-4ce1-b297-a37f6421bcbd,
93585abd-b802-40da-b5ca-ecc82d9dcb5b,
fe2fcfe1-7867-4ad6-b127-91853d00aff3,
6049e311-8bc7-4894-8709-7751324e0a00,
1674a17c-028a-4923-ad6e-44e2a684bd1e,
338f731f-b767-4858-b4d3-557cc69c8f02,
91f9a076-ebed-41ec-b32c-c556975ce156,
0e07687e-4284-4860-a614-66ad5e695d8d,
b0e31a92-47d7-4063-9ae1-dab4be5fc951,
d614c1d2-f75f-4e7f-b54f-8142968365ff,
acbcbc8b-d040-43c6-a5ea-4e6f5e08d10a,
967246a3-7376-446c-b950-1df5d00735e7,
396d6e1b-7e50-4f5b-8628-4fbb2bebddd9,
eb35f7a7-b9e2-4504-8382-5e6e013219d7,
4e779ed6-97b3-4166-9772-b81941100885,
1da90fe0-e9b0-4a8d-b10c-bae2f9479e81,
9721f536-77ab-4f22-a616-a34b69129494,
2e10d09b-d8ec-4c12-8468-dab5a4faf231,
7ed5888c-7e5d-4066-a9b0-c48931fa40fe,
133e5997-5440-4cbe-84a8-50c8c973c5ec,
6375e3bd-a663-46b8-994e-b7984b228b17,
8c268972-768e-45e6-a69f-0a4249adb323,
3e295dd9-eb51-4b6b-88af-bbc39209f9a5,
d99e110d-caf2-4624-b081-b145480dc3cf,
df4f9d86-a055-4ebd-8f6c-c02cfed3b5fa,
383ba2cb-f39d-479e-b432-374595548852,
38e9a7f3-c1fa-4a9f-8e0b-274eead8b82d,
a3df2ea1-8ef4-463d-a1e5-3bc0382a0f1a,
352b9aef-f378-472b-8663-cbc3d99fe37d,
99416a3f-356e-4dcb-b74c-f685e85677dc,
e645d6bf-b177-4b90-a535-a69a45825819,
7eb697d1-9e2a-4673-acab-828676b5a925,
4d7557d6-3c71-46f2-a22a-3ec489270cf7,
3e566650-3bbd-4494-9458-9ee7ad7deca2,
2543dc0a-fd4f-4a68-9723-2d15f059a216,
59e29798-9595-4e70-90b5-ae26952ae30d,
d463b311-2c1a-47b8-bce0-ca5e15613436,
02b3f429-645b-4747-804f-57ec2731bb98,
b29cb375-9c60-4f5d-85a7-b135bb281792,
94cb01ae-1df5-4606-951a-4a73deb36567,
60a6133e-5a7e-4702-9a09-0b2efe37cef5,
b88eaa16-bb24-4026-9561-5875ed771778,
bfe47075-d94e-4532-9016-87dfe9948948,
88c26e0e-a5d1-4aeb-8647-51cd931eecfe,
27a9d53b-c9fa-4e6c-8198-1f750b1cb7e1,
986afb35-f724-49f2-a76c-621e0ec65e78,
12de72df-7d14-4652-8c16-39b4346e03ee,
f8559128-5ea3-4e26-9341-3d4a2e520495,
466ec9c8-c36e-4130-ae1c-ff4890d407bb,
744e06eb-4c21-469d-869f-59858a6f94fc,
847c6577-a726-4b3b-8c75-1adb69082d3e,
306f8076-4bdf-4d4b-8ef6-99b48a7f16f9,
b9ba0a42-44e9-4419-81cc-d83396d6a2fe,
77c0973d-654a-45f6-b7f3-ce11ff9d18f8,
d0211622-766b-4eb4-98da-3c4303224934,
a5781987-d112-414a-828d-b6c484290842,
a244c867-7522-4bd9-b723-d8eab07fd6bd,
8ef5dd67-ba1b-4cb9-93b2-8dbe541fae69,
1ec1bdad-799c-4204-99a6-25df4c6645ff,
a64f931e-6f4b-4e5d-9420-974a4e7ff149,
9d80398e-4784-4c6c-9c9f-9352de8aa842,
61d03d46-050d-4928-8684-a6e13464f6a0,
734c89a2-b4f6-4e67-88c1-f4b0bbfdd70c,
04f84269-01d1-433c-b463-1d69a6723c2b,
cb96428f-6a98-4a05-98c9-ede41c65f4be,
9a690168-7926-46cd-b78c-ef9847dd3c77,
8258f2b5-4c1c-445f-a580-643b90fb9db6,
c299aea1-ad6e-4297-bd35-fa25173a1b09,
b46b7ded-dee5-4080-ad91-028e653c1860,
37e5684b-131d-460c-bc6f-6ea0a88262ee,
ee4f1446-4205-4c09-a589-7a1464f853ea,
1837f4db-3b57-4870-9832-ea34008b77e9,
890b33ad-4582-4507-9a09-1766c6f61f1b,
74e65d8c-d96f-4816-a648-10fa4155ae8a,
aa02d533-3bd2-4957-9bfa-15fe6f833c97,
72c15dd0-7685-4411-bc21-4219dab28db3,
12f396e2-b4e7-478b-90ad-f3c31856a9ef,
daf9c5ed-f06d-49c2-a6aa-99bd5cd798f0,
8ebc6a04-50a7-4cb0-bded-e1b08e6ca066,
4ddeb5fc-1153-4b48-babb-7e8527e58557,
309e6c80-9fc9-41b4-893e-372244586b9b,
011b5674-524d-4cfa-bda8-f4fc8d8216ff,
f30193e6-45e8-42df-96c1-dbc015025aaa,
dcf6b367-8e2e-4431-86b2-2341c5c867fc,
1c923cfc-f61e-4f27-9cf5-253a4547be13,
afe1885f-6ae2-4c56-aef2-9013ba6f0678,
0b1fbe6c-5009-428f-b305-6cf1e4057d12,
88783948-dea6-4080-90b9-ecd90b005be9,
ee09b408-53cb-4c7f-a378-bc45777ed104,
89cc3bd6-a7ce-49f8-bb42-00b4091aaab7,
31d33758-d17d-40a9-906c-50d1c3ea5ec3,
78926abe-efd8-49f2-8258-2cf0f62a4bcd,
d8e41e2a-9ef0-4f74-9f6e-44b38464f34f,
61fa9948-712a-4a03-b1c4-a094ff7234f1,
52ef8892-8429-4f08-b93f-3ee2a9ea41c2,
06433e32-0b8d-42e3-a4a2-09489802196f,
9d65e5c7-b354-4f81-bbdf-aa5e5c4601f6,
a0b5b17d-02c7-4269-b830-76036fd2605f,
7af63f8a-c88a-4941-a56b-fac0fbf2a1bb,
0d4d683c-eb10-419f-abae-4f43bc7d6d1b,
7dba6f34-ed25-4f09-8a8a-793356781da7,
ff623f1d-abfb-44fe-9f5e-79782bac142a,
89b3a18d-33a5-4ea7-aa45-d8c7bb82b89a,
0fd784e5-7dc0-4cb3-a61c-5b15963e4bf4,
258c7408-6510-415d-adc0-8f3ecfaeb609,
40734019-e172-4f51-878f-232a96fb3e7f,
962f0339-22af-48d6-84ea-aa999a63191a,
419f9976-5c36-4d27-82bd-7c09c32d8dec,
cfa57495-806f-4f4f-af0d-e58005ec4300,
7e86fad5-dd60-4ef0-84e6-ca086f50db07,
18e4b48a-dc18-46bb-92c8-f257593188db,
546627f1-9dfa-4d77-8096-220f533ce298,
fc3abb2e-37c2-453c-9808-21d60643eeed,
4ecda369-9d68-45a4-9f3e-a6403d5eaac3,
8f39ce56-a9b2-47f7-a3ac-6225b1a46279,
e66cbf83-01ca-4e3d-9c3c-0940dac70cea,
12b0292a-84d6-432d-ae87-72c74381c469,
af0e1daf-0be0-4cb2-bf91-3f6b8dbafbf5,
ff0c321e-8c0e-4d8a-a482-808b108add6d,
d6d17b94-e2f2-4fb3-81f3-09ed40be6f1e,
a31b6cdc-b1a8-4096-b733-35b5b76b817e,
dc56f905-d528-4333-9987-bb6d3abf42d9,
c9f29fce-5157-4f4c-a52a-d59357b265cd,
87112628-d863-4a11-91c3-b42d4612d4f0,
db22742f-0cbd-4c8d-9498-7a7019cedd83,
53793ebb-0467-4c8f-bc39-747a16891560,
f3f256b9-0273-443b-9985-be572bd2660e,
39a04cee-fbcb-44eb-8991-48884dc96bf3,
9088eb98-9685-48a5-afa7-e5bd6facbed1,
b64c7c11-023f-439f-8729-56b9a1edd77d,
68d676c3-c84a-447f-b7a5-5149d463ef7b,
13b48e33-ab9f-4469-8ea0-5ee55301ce76,
06909aeb-4d3b-4113-9fc4-aa29718cb17f,
60608d9a-1048-4ffc-b1bf-e26abe4c81eb,
16903c16-c2aa-4855-a2f8-1fadaea0b959,
ec62e89d-25bb-4a71-b48d-1e545c32291e,
32a31865-4b21-4c6e-b43a-9c2ae0594a95,
3b899437-6884-4851-be86-622327fbfea8,
99be4a8e-1952-4126-b6a0-6b1248efa0cb,
267829b6-57cf-4de9-a883-3b325798d5b9,
927d880b-ab4f-451b-a07a-b75c1dac6320,
84238ee8-9bf2-4c2d-abbd-344773c67349,
16b092eb-61e9-416f-89b1-ce8d8fc75d69,
2e6ed381-f844-4a63-a0bb-dbe5bb3e6ba7,
bc36a83a-9e06-458a-89e6-31702d54cb34,
401cbe21-bab3-459d-ae18-be9a0af33c9b,
378fcea4-ae97-4d0b-9a57-66671dab60e3,
ff53c16f-a4fb-4d3f-b501-464af09a0447,
b65f550a-023f-4cbf-9b08-33a1de213e83,
f991008e-3f81-40bc-84ff-36aaa49084ec,
fb5b91e2-8aef-4a64-baa7-11eda902921b,
5eca4678-5e41-426a-83d7-f27d6e5c2f3e,
9b12427b-733b-4a29-8fb3-87821454cc8f,
b913a814-94c5-4745-8348-d2dd09a065a0,
7b736d04-106a-4520-8581-7fe6e46bad8b,
a6343f30-9f7b-431a-bca4-2307badfe3ad,
a0984b24-09d3-441c-bc1e-0d61984edc8e,
35bdcd8d-ca04-4895-bf48-efd0476c52b3,
0e7e14f1-3724-4ce7-894e-9e6c9ef5af33,
c8ee8c0c-a83d-4353-9682-e62d8a23fa46,
4b6427d9-ebc1-48c7-b9e3-a3a826442726,
2a0aa27a-281d-45f3-aa9a-397a93ffd5b9,
7e41d025-a739-4e76-88b7-ea1e24b82117,
b16585f0-ee04-4f1f-96ee-636e856aca92,
0a553a27-6827-4a41-bab6-aa403a74ca1e,
2b1e1758-ffb5-4283-b86f-cc28602cc8eb,
5ab174fd-0cd9-4bdf-be1d-0bc5b159ed7a,
3b5e6e1e-f3f0-461c-bb66-f46ebef6707c,
da71c57e-cf7f-4cd7-ad16-03c7e5c27cfc,
3e95d160-9938-4b5f-ab10-c55e2ee24b0b,
e19d6481-f590-4cd0-986d-4d8f7604c271,
9975fcd6-562e-4ccb-a3c3-406def83ef5f,
c41099df-2b4e-436f-80eb-124efbd55bd2,
3131a0ff-8862-4029-9170-5368f2022f69,
1ecc08dd-1cb1-4e4d-b147-ea977f89f77e,
6215cc65-8ce4-4511-a827-e630609372d1,
54752d44-b1b0-42a6-9c6c-1b0946390954,
99f00cde-6b1d-4fba-9b41-63866b3081d3,
1fd9bd38-91b2-42a2-8604-0a96b4704dc5,
5b76d185-c000-4ab4-a560-c6cba02c089b,
5bb1f9df-ebfe-452c-9c5b-1aa6c2158660,
44b96e65-247b-4874-8a3f-08ac8d95f250,
b62af3b1-b60c-4088-86b2-933e0f172fd8,
ac746a75-96b3-485d-954f-b6c513408795,
4848ab13-86c8-4c7c-a042-77d425d92f9a,
722aaf04-bfde-4c89-ba27-b025dbfe4d98,
732a2807-f990-4132-80c6-e97d37a9ac4e,
7f34bcca-cc5a-4a11-93c7-3af6c23c28bd,
f1d2dc76-165a-4581-bef7-21ccd1f353b6,
0b73c808-b466-4847-95c7-33e24233f6f9,
a77333ec-f361-4b61-922e-9386e3b4c865,
a8f9a30b-9752-4a9b-8216-2522e6254247,
bb81eb22-8363-40e4-980c-aa0b27c1dd57,
3374e101-968f-4805-873a-0feb0bb3b3e3,
28edec76-3735-4d17-abeb-56d772942ba6,
6d6975a0-59ed-410a-907c-7ca340dcf453,
705a34c8-e2ef-462a-9808-0fc166596c0d,
1c7057b8-770e-4cbb-bf6f-ed2031f30a8b,
7466b427-9b61-4fde-be74-f12ea569e64f,
651d860f-1064-4a14-857d-b0df0110c25a,
9428d4aa-8d34-43ec-a729-587ab3206513,
46c0542b-efc4-4937-9397-9f3428e32f12,
ffde99a9-c6f0-40d0-a118-8444bc9041d5,
90972601-6ae9-4317-9f4e-d1a2e3b04e54,
b12a9ff0-5089-43fa-bbcf-c1c077341001,
b62d8633-1e65-4a95-a357-aaafa2aa9319,
6ac75f00-5015-4ac2-9b9c-69dc39aa0546,
2ac4afd3-df12-48f9-a57e-67b56de22027,
1bc3832e-eb08-4373-adcd-a841d8ae2190,
fca3cc4b-f17c-455d-8eba-e5390aa8cf35,
123c6437-832d-4c7b-aae0-76c571dc358f,
26d42a15-bf94-4a19-b1a6-906c61adaccd,
488f6575-b16b-49b4-a940-1810f46e59a6,
8afdfe1f-02ac-4a6c-a8c9-f848e0685479,
110c0a1e-ac01-420c-aeb7-7b662b98e318,
415db9b9-d0a4-48bd-9aeb-637fbf80da87,
67bf6dd9-668f-41e8-b8f6-83c64a13a717,
3b10358d-bf11-42c5-a9ef-956c0ede527d,
38c4af8c-a2e3-4951-ae24-49d0f1e88dbc,
19f4c7b5-0661-40fb-a317-9c0cbe6652e6,
aa4c1370-4ec4-420d-a9f4-5af595e324d5,
2fe78aef-f4a6-4ed0-a8d1-c5a0846f2ee8,
ecf63ad1-47ab-4ea1-89ec-0097eaf65e78,
d04f15fa-9348-4fb7-b045-b736accd7cd0,
8bfc6ca8-55b9-4c6c-801b-792c6b9bd202,
9a47f7ce-e834-4e7c-a09b-450d243fc837,
eb5e8794-bb96-4817-99c5-e4a46625795f,
423a6aa0-fd36-4862-bf96-e915f49fda74,
cf3dc745-0add-4755-91d0-5a08967b0342,
b82d2e31-798b-45f2-9120-0adc96d56f84,
c8901a73-044d-4462-83fb-5f28035f05e0,
c83d2006-dbc6-42f1-923c-81f04347d524,
0d3d59f8-8a8a-4fab-8314-c4df14751415,
39e13526-41fc-4be7-9937-236f26630958,
b0891358-0f91-4656-b834-e75d8e6bee93,
d4256f24-62a4-4ca0-b303-df5b79a5f6a2,
f0abc9dd-dad0-47a7-829f-b5f977b03c93,
1aaa06b4-e748-423f-a2f1-e68135dcb877,
9e272952-296a-41bb-aa90-d38a4a72cc71,
ccc6ef41-fdd4-49bd-a238-ca83107555f9,
b473eb86-ccca-42e2-b1f6-e7ab60327fe9,
d15b93d4-4a59-4309-87c5-7fd19463de3d,
6235d91a-ee6f-4715-90ea-216060ecd27f,
234eb929-1164-455e-bab8-0e2603c870ce,
bd04386d-bc71-44f9-ac25-7237a80a45d6,
fb2637b3-8ebc-4cde-995c-62470991f81b,
068f3af3-980d-46b5-bdf7-31729a8d90e1,
1754eef4-4471-47ec-be27-3086bfb3018d,
8c35569c-5659-4521-ab1e-b9f8fd80763f,
fe14bab7-3676-4e16-95ef-1c32e480f64f,
5a9805a3-1ac3-423e-bdec-2152900d045c,
8ac45662-8273-416e-b7a2-47d5efb55fce,
47944166-f792-4836-9e59-97cc5239e353,
bacd117e-c07d-462a-9e34-df7972ca1c2c,
a522c1e1-2588-4fed-9214-e7fa4b1e1b7f,
df91949a-185d-4898-bacf-3b96c90c0bd0,
31d35989-b27a-4fd1-93c1-102bdc153fde,
4b60c132-1a4b-46c4-8476-347ab7592dce,
fbbf0af3-833c-4c7c-b244-8486b641c6a1,
c010a68a-5f35-437c-8cba-48a1d596f58f,
5b6a2a49-872d-43dd-83ff-4abbb1fad1c1,
4af9ec98-5e46-483d-a16e-1325a001fb81,
42ea44ca-f3b6-4124-bdcd-d85bad520780,
94b765f9-5bc7-4c38-84f2-31712e232a4f,
b7e4d993-abe7-44dc-aea6-63117c70203a,
6ec6222a-a1df-4b4d-98cc-d994d5174865,
70af0ad8-f54e-473a-ba21-8fd275d84a2f,
2bf2988b-6dc9-4af9-8914-361f07c4c989,
b6ad4037-02d4-4de9-bd5b-7fd330f8eac5,
20ce603b-d3eb-460e-a17b-d3f17570470f,
a20552fa-59fe-4f58-8de0-23c5004c97f6,
41fe247f-0fc0-4803-8a6a-95f58ef1b293,
2a2a236a-2cd0-402f-8a38-5bebc3e6dd04,
e1f35c2e-4beb-4cae-8707-f73a16d50a3d,
03596025-ffdf-4173-9b4b-9aea21eb0dcf,
aebbb1f0-d688-4ef6-93aa-704d514b4b29,
42cf6447-568c-475a-9bc3-6bbec28aae17,
5f5c0366-a8e5-4c44-88a7-bf18450c4607,
4bc75885-52be-48e9-842f-4d79d8f0abfb,
c1bf1a82-317e-4364-8f46-a0d77eb25761,
29305720-7b1b-4c34-b0aa-a76a0ff22f1a,
de891161-c1de-47ae-b767-5d8c74f548f9,
d09a9ade-2e85-483b-97e9-d4eaa1f8deab,
7394e101-a81f-4446-bcb8-827265c496a1,
4ad1945b-7844-4fea-b17c-95b13f832aba,
bd7ef339-7d4d-435e-ac99-fc5cb774ebf0,
52b0a5b8-6d8c-40bd-a8db-bb40f3348e82,
3b941925-d2ca-41e3-ba08-c523e2c54846,
e87e5b18-c6f6-490e-abd2-4474e65e5c91,
1e2d0da3-40a5-4d5e-8570-d432ec286b7f,
d0f69c30-3952-438d-8e3c-31421fa3942d,
8bb1ba80-3529-4e47-8011-ba2a9a0bf223,
497346a5-3571-43b9-8dd0-a5ee8c460827,
c7c69a55-f017-4ed1-82fd-974b377db9d8,
dd048bee-040c-4632-a1b0-71d4c3ce760c,
bbd39f25-ac2b-4ab6-85d0-62d2ecb85533,
857fc979-1936-4960-a494-840a0ed77a4b,
014a32e7-ed66-4a6c-8dd4-66aa02e87d16,
0dedbc38-66d7-4e41-a984-adbd43b7066b,
0af819de-614b-40c8-b999-95f91a78ba06,
1ddfa693-feb4-497a-b732-04a6fb88dc82,
b2fb212c-61e3-4690-8dff-d7c89d1bc083,
4c9a54fb-4df6-4454-96ec-eef2cec83aa2,
211ef959-9fc1-46c4-9713-ab17c77d1705,
481fa614-fa3c-4637-85b9-d1be369fb6b8,
a621697d-7b6f-4d98-9c1d-5f00ee129188,
ee5afbc8-fafe-4136-b719-d90ac3d45fbd,
b5cafc72-f1f7-45ab-8e97-50d27e67a76e,
cbb37e62-faf2-4a66-b5fd-b271f892f0a9,
e26deb69-596b-42a3-b7e3-b80621efed62,
b7f5c614-2e34-4d9a-be16-debef9a67e8a,
daa28ae0-2bb5-4937-bf5c-978422f3001b,
c0b5eca9-f6a3-4d2e-8aee-41b970436b68,
e7a5d986-2815-40cb-b424-866e761d2ff9,
746d38b8-adbd-4b77-8741-133f5ae0f4d5,
e76b07ec-3b08-4c9e-bb1a-80cfaf24658e,
10783629-5887-4c96-b5e0-0f8e86abb8f8,
651eb880-1c1f-4883-91ef-d5341d2b76c5,
19d7a39d-beac-4bfc-8439-99076b248c69,
b7697ea5-cb01-4831-aeea-cd72d4124bb9,
56bd0def-1907-466e-a010-a5056ac116e4,
a7a5a96e-72f7-4232-8513-44b82b19816a,
ce1e119f-aa60-48d7-8159-fb59536a8919,
6b28c6a1-56aa-49e2-a9e1-4fec31293f66,
fa28fddf-9d06-44be-8e16-66c3d48e9b7d,
1965f004-e155-4e14-bdbb-b1da0661e497,
3ea91b52-cef4-4f17-ba15-7e02a8018ecb,
3916614f-7b11-49a1-a3f4-b06b59fff783,
5b30172c-1901-4c00-a303-25816718244f,
f9688d5f-5cf1-4e08-9670-84343865e389,
156b2b19-1fce-412e-a6a4-df18b285bc3c,
ff8bf5d6-75fd-4340-b21f-eb2593f6a898,
7698e974-6e3f-453f-8704-436884db692a,
7f8dc7da-f069-46a1-9437-acc7690351cb,
f2b21b27-3f2e-4a32-803d-b3673c55c877,
c8022d69-63b6-4baa-ba47-14c2d5e36a66,
312ac737-f202-46bd-87b4-a6a1bb25b05b,
fcce172b-54e6-4264-a0b9-67402a74074a,
22846297-0e9e-490b-8ca5-625a0a918def,
0884061c-3c32-44d1-b9aa-3e9b173dfe53,
24e3d28c-e228-48b4-8aa5-69b019b13da3,
e1a593d7-afa4-42dc-add6-9742c352cf4a,
1e11d31c-1198-459f-9993-68840fe31a9d,
180c4a23-551a-41d6-a850-63ab843c57c4,
0d3ccf9b-3d03-4a95-a5a4-800260b215d5,
1f4ae853-35b2-444d-9b30-4bb0d3df4e5c,
4baa8ae1-0afd-48ca-9e41-b0d1c4f2733b,
2f74a1d7-3758-4c7b-972a-59eecbea7765,
43f39c6a-2793-4bdc-80f4-21f3de3b785b,
f1357da3-9f84-43ba-88ba-c97e9c5c02e8,
569cd086-eef7-48b8-9e38-8ed5f4e32bce,
2565b205-8ac3-428a-8aab-418ea1a7c93c,
4777ba14-d8ca-41f2-835c-a57254dfaf63,
a9ddf87b-22ab-4746-860b-16a243f9c43d,
60963c05-c375-4ea9-bcc4-c3fcbcbdb19c,
5283ee93-650f-4773-a68d-592edae76dbf,
9aa023a8-440e-4149-9c90-556ecb2f3b1e,
228563ba-a86d-4dc0-a151-23950d66553c,
0d12e2d0-483f-4752-aa4b-d26aa5c14d95,
71b81455-9450-4317-b505-92388523bccf,
27a61124-9474-4591-a47d-351daabbb485,
177311b7-10c0-4fee-90d8-373f4995aaf9,
0fd437e4-2184-4732-aeb0-4be6f14c1932,
c1e95a23-4e0c-48d1-8c09-70a5861ef253,
e92455e4-44b5-41e1-9085-05c4643caed5,
53d52b0c-faaf-4f75-8c60-6419cd76e865,
ef015271-4f5c-4765-90bb-4ba367df3782,
3dcef1d5-c9a3-4417-95c4-01245b9b8709,
c0adfe4d-8efc-4818-b900-2edbbe2ac7ad,
d7161dfc-2696-4a85-96fd-ac0772adafb4,
dff8ba4a-9e7f-4c1f-b52e-3b86957218a4,
cedec08c-139c-44d0-8553-a1e400f5fde9,
fa7a44a1-7fa7-4d6a-8a56-e6efbb1255d1,
35c2397f-f6d9-4394-92b4-a9f196f991aa,
812d025e-785f-4faa-b548-bc172180f35f,
a4de7cae-f0ef-4587-8540-2dee39a2f3ae,
b29dca85-1adc-4775-a529-70f90e73044d,
3d3c96fd-1796-4476-9ca8-62412634f5a5,
4501d516-76f7-48bd-8fd1-ae258562eb41,
9874003d-610d-4caa-bd35-cf75e496f479,
3f031b85-e2cd-4f98-be61-23b7be817bf3,
9f87b879-3c32-4ba9-ac68-42b81bc266a9,
4b65a3cf-c3f7-461f-95b6-444544af03b5,
511d4d08-3def-4d62-aee3-b12df5bf0652,
d1cb34cf-4103-4382-bfa5-b25048b13d70,
5146a57e-f674-4c54-820e-aa83419a4d9f,
135ec213-84cc-4d0f-9899-b68c6433d5ae,
6dd3ddea-c8c6-4cdd-8826-b69859f2fc58,
239e6838-ba42-4c0a-bf2a-275e2b87eddf,
27b2c926-5e32-4d2d-a629-1769a0d31074,
03ebded4-9275-473a-a9b4-16e2abdecd67,
522ac383-05c4-4e2d-8e0f-da9f43059dbe,
4e1c3a87-e04c-4e15-a6b1-770ff062248d,
bc9a7dd2-191e-413c-b6c0-7dfb3f6fcaf8,
d37489d6-b8a1-4d68-a96b-e0c3a8d7b3f5,
1505ab70-41c7-48a7-ba19-e485cab788ab,
c524abe8-394b-4f68-9e72-bfa3b17f6d04,
4f129796-acf4-42b1-9193-ebbf193b8ca0,
fd6dbf5f-cc61-4c06-8643-5b4143e60570,
463e7e77-d6ac-4cd7-929d-268a8f722c9c,
46660e5c-6178-4316-9ce6-dab27ccd12bf,
662a01d8-b9e6-44a0-8ba7-efca1869a068,
30a9df5e-9326-4703-a763-2516288828e2,
469eb4d8-cd8a-4cc8-9b1c-b316e791ec7f,
114ce1f9-ae5e-4fc0-9780-f97fca2be21c,
8ed27013-40bb-418a-8092-5cda69ad0a0f,
c4e88c8a-c4e5-4acc-abab-31f3bc8f0eeb,
ae1e675d-9286-44d1-b3d0-b526f998ad4e,
14fcbbb1-fa2b-4d31-850a-b2dc5269e9f0,
21370b7a-2cf8-4bdd-9b76-b21bd2c6ca0c,
a0ff79a8-9bad-4496-9cd1-fcd0bfba0b1c,
6823a042-3e1f-451d-b78e-79b54df93ef6,
2990bd13-1e35-4c91-a155-b5e361e8e2aa,
64282401-fccb-4f20-9987-915e8630698c,
bd25e730-04b9-4cdf-bf0c-62ddeffd7cea,
9e620c24-3555-43ae-8a3c-237450544e4c,
8d3b8f61-99cb-431b-be9c-677805acb9a6,
1f96a50e-6912-44a5-b3ca-4ad8806f97c8,
ef19d1bd-5766-4a1f-9c74-781d987c096d,
99044b37-bdc0-45a1-bd00-54658efe94ec,
70c1b6a2-1aa7-4a87-9843-d320904a2c80,
ac59b42c-44e5-4bff-addc-a57fa31cddcb,
01702f2a-58a7-404d-a5c4-dca671151899,
51d7bf71-a134-4edb-833f-5b2d75b472bd,
b902a251-0476-442f-8b66-171c8d7351fc,
a876d679-236c-45ea-bd07-93c4803dfbe5,
3214edcb-1991-4160-9cf5-fb979b3ae259,
aa325804-bbbb-43b0-a932-91d9ea5da8ca,
2b7e97c6-000e-4b69-ad1d-6c8b35f0a005,
e1e6da42-0c02-4a43-b9d8-2831125fd69f,
40453996-7a8b-46e2-a846-9b7034709b06,
359f8163-350b-42f7-9bff-c3d4c15110e0,
4dc374db-2fb0-4646-b67c-0649b11c7f94,
7ce99b14-6bfd-488f-9e8e-c71f5cf1a5c1,
92d1f0e6-e0af-4f05-a8ef-eb385cb65732,
33dbc2f9-11da-4426-8e49-299987a689cd,
5c20df60-4a79-4f92-ba7f-7815ccdf37d8,
95b6a6ce-5251-4e75-bb85-023cbebd24f7,
a7be27e2-10c2-4e00-b9c7-6e1c0843a3bc,
9f9f858a-d845-4dc9-b9ea-a9b5e29dcb2d,
cabf8271-f808-45b1-a067-77dc3fb58ebd,
a9347971-1043-4e4d-a86b-b5cfffcc0b7b,
422cb4ef-bac5-46e7-9bb5-ac2bab281d94,
81c91ce1-6ef4-4d01-9710-129cdaf88c5f,
1752aa54-d5be-4321-b6b8-a02e5d4b24d1,
370c4a2c-80af-45c8-8b41-d4d71c48c8ee,
2c03bc7c-dc09-45d7-a55b-bfb9c222d4dd,
edd03374-e7b0-4fbe-9400-c33d1613104d,
fc735389-d5be-4668-9c22-a774a4c1d6c9,
f7e0b3a5-7ea7-4b74-b52f-0edb8b481855,
ed573ce1-36cd-4089-bd23-f744e7212a49,
2e2236c4-047e-4c9a-a923-67c10204c256,
5c0c63ed-9e41-467a-96b1-71bda10953c3,
0e9dc4b6-4688-4076-a08e-ae03a4a50d7e,
973a5b27-fc58-4d68-88dd-713eaeb5eebe,
28c0ca55-a1d8-46aa-9307-66016ac6f280,
7c5f3b2e-2e80-4db8-a7d3-03b654c9eaac,
4d5e6dd6-ec39-452b-8175-65ef634bc4c2,
efd4e93e-fc7e-40b6-8d42-6821fc7046ba,
b7d4e978-2f44-47c2-8b9c-a5263db8d7e9,
9a57ef71-b7bb-4d56-9246-73d4f95d3122,
ee9dcfb7-d02b-43f3-bf50-2b425c45a577,
679ca070-66a3-42d7-91fa-4886e58a39fe,
479fadd2-4abe-433c-9d95-f736342e17e5,
a50258ca-8e12-47e3-995b-23a4095521e2,
0b0aee32-80dd-4706-a752-909084836039,
fec4b61f-2cc2-49fd-a99a-a81a77075f1e,
a52e8c16-2857-465d-b5a0-a789f5655fb2,
ea843bfa-42cf-4c11-8983-da7e6ab11dd9,
75e0f598-0c5f-44e2-ae57-ef3b77506e3c,
85afd77c-499b-4a1f-994b-67646d46047f,
842e5031-d448-423d-a31d-ea5c2902bbe0,
e4912256-bdb8-46d7-a8d1-73c9f4913852,
8e5eea51-db32-4fd1-987a-052589986e92,
3d9934c6-edae-4c2c-85b4-8690c9373f3e,
abb6f612-1a9c-4cd7-b2ce-77631eb496e4,
2eeb21ad-9e83-4ee2-bc4e-97a9b9590d88,
7669ab41-da1d-427a-82a0-299ecc53a16d,
14449d5b-9692-45b2-805e-0feb965f15d1,
06e1daec-6811-4bd5-8384-7ce182d7dea3,
707296bb-eff6-4cdf-9a77-aab0f8b875e3,
3662e08a-8ae9-4e0a-b070-6c9abdb70758,
fdb9c698-10e9-486d-b5e5-238649994ea5,
9c8d1625-8312-4e7a-839c-c4cbcaeb6a4b,
bde637e9-99d3-4b6c-8559-73c8e9c3d9c3,
1e80a435-478b-4811-90d1-2a7be36e2d3b,
1b8c9758-d332-4110-88aa-ef2bff9b6292,
10229125-2db8-4df5-b86f-5b8c3d9c990b,
f0cfefdd-566b-4255-bba0-700d7a16c572,
e3d13981-9f19-42c7-8d5a-4dedccf0e17f,
625b4d7c-5bc7-45a3-bc32-c3d32b9c2484,
d6f0fada-ef12-4096-9e87-3aca7c69e790,
5a476b99-7d8e-42da-93df-7cc111980890,
97bf8620-1848-4823-a5e1-9d1f342c8d26,
cd3be77a-29d1-4a05-b2f7-c5c20f816241,
b1b3a14a-9bba-4f03-8e50-436669e63cb5,
0f988193-d9ef-40ed-b274-80d31beb523a,
0af8f4d5-07b7-437e-8679-d180311532d9,
92b51cdd-590f-45ce-9835-e0c4b3550cb8,
2e396245-dc8f-4f36-b958-5f24a66c09c7,
aac56a8b-902d-4284-93d7-082a1dbc0bf0,
aed4b341-d600-4bea-b2cc-c861d4c16108,
09c9f01e-ce56-4650-89f4-7ded3a083307,
9d63d24d-aa75-4086-9779-3af0e15fa919,
c05a61ab-e204-4889-a289-ff8ea8e56245,
406ebb11-5b1d-48f4-ad51-6163bd2247b4,
8b25dd68-1788-4914-b18c-40ba07a67fe4,
dae34eaa-dc09-4c74-a514-14ab497f5377,
40a3a199-4036-4483-91d4-c005debdf04d,
438ca490-9f98-42f2-b464-500339ac579c,
7b605211-7420-4c87-92eb-d130baa42c0e,
feff452e-33b0-4a05-8811-e32fb1a6dbd1,
aa0c1ceb-3016-42e0-905d-afa24bd591a9,
d90ff5fd-3955-4559-9d26-e676a6520f7e,
803745f2-5db4-453e-9c6b-e27205ec4063,
71b949ae-4154-4254-bd9b-d0fadde41301,
e01f9d8f-8eb7-4398-bda4-d37a8d1479a5,
f4a7bd60-16ca-4230-a233-9811ff144e77,
476c4750-0daa-400d-9d8b-0bd8af6cc016,
3589b1ea-7ccd-4c52-9d62-b59aacc0383c,
8885172e-3d16-48b4-8c3b-77b00e424dd6,
6a65d185-b4fc-4187-b143-d14d0458741d,
f49d9055-9f79-4753-8d74-7a10dce6f3c3,
33978992-6c6f-419d-a271-bd535ef81977,
1ab0cd85-6190-40ea-98d9-26df38965031,
156302c7-290d-441c-810e-e0314a5d077e,
5615cbd5-0302-4d0a-97f3-8bb497c5ae48,
e913f412-df86-4f6e-aa58-e6d31846c08c,
1df4763b-2701-4e20-ac80-8ff9446df35b,
c06f2834-6f76-4cf4-a6c9-6cdb349d1d8e,
e51d2264-431a-4495-967f-fe5bed2749cf,
f3e50b87-3890-43d1-9404-2b10eecfcc59,
52b62816-c341-42b9-99c1-3b47bf46049a,
5092b828-4411-4059-9de1-bd329567ce33,
6b86529b-f2e3-4a62-b16e-1e2ff04a1907,
e4636ae7-727c-4ef7-9f59-e9c3136b57a2,
dc68009a-6f23-40d3-9a0e-1f17051003fc,
112e1684-0f40-4d27-9362-657b3ab17699,
d03e6962-94dc-4256-95fc-044d8e80982b,
f6d2bd4b-659f-4a5c-ac6d-73744a4d3b42,
25528532-27ab-42cc-a16f-7938450968d6,
1b74177c-c580-4fa3-adfe-920f1a77f6f5,
230a40b3-1be5-4f71-a3b5-a12f98c58dfa,
5117838a-9421-4d1c-bbfe-d4c6d6bc40a1,
9dcc613e-053d-41ad-93a3-2def3ade2331,
db3ce086-abae-4eb1-a4fb-714edc7fe61c,
2ef5ca53-1144-42f3-8998-a43b2e34325f,
cc848b24-3430-4303-8c8e-a4f4a1f28230,
62873837-7156-492d-8246-1d5beddb1771,
129d933b-ca5b-4508-bc11-52274a567472,
98629b2e-d271-4864-8141-b51a069417b9,
58fc8f32-6ea4-4fc9-8ca7-98ffe9e7dda4,
b1dd5f1a-0fa4-4010-94a0-c75bc03ab668,
f230fa5f-888d-46bf-8f08-b02f0000bbbf,
78d96005-0a50-4142-a583-6785139133e0,
1f943cc7-04b5-4da0-b270-5971ce1067f4,
a327cbea-13c4-40c4-abe0-c3295243f7e8,
c9dbba6e-0800-4760-88d0-c29baa08e654,
318f57f6-ed3b-49f6-8d25-16653fb23d65,
5d05e7d6-24a7-4e10-8fc6-2c8f72744b25,
4ac35979-31ea-4374-9b23-bafa95c32cf5,
10447766-822d-40b1-ae39-c64ba4b1d30b,
f517985e-7945-4f17-9ea4-14a8bacafc2e,
3d33a8b6-0beb-4852-9452-95fc16b8fe00,
2e10ec33-fee7-4c85-9400-f6e99ea99ab5,
1eb0fc36-b37b-462a-8bc7-56db09a2f8a7,
97167094-90da-49d6-bf20-7ca0c64bb755,
807876dd-a74b-4c28-96a4-abe1bfda1039,
cc78e946-772f-41cb-9628-8c0e8c05689c,
ea2a5616-cc7d-4998-9a16-05f31b56ae0a,
9455179a-f72e-48cf-bc30-1c7b6115337e,
bd2f1ba0-76de-4b56-9b1f-a382065e97fe,
4182ae1c-2aae-4b05-869f-a8b4df5f54a3,
dd8891d5-db45-41f3-9df4-b75512500763,
39d8822d-7d8e-4265-b94f-fea50cda892c,
62a5751d-5e40-4885-bba1-0ba831d0e153,
61cdd129-fcec-430e-87bb-d2133b3fa091,
dc3f62ec-1f02-4ca2-ae1d-4d902c0b51b8,
3f668061-c8df-4082-a203-519f996d3048,
d91a4fe8-1d9c-48f2-ae76-45dbc2a631cd,
9a072bae-db3b-42e5-99b1-813c169a45e9,
9cf0491e-fee2-4ef4-9bee-9dce591e856a,
c7ef1acc-e6b4-4e84-acdc-f6dbffb3b66f,
5dc938ee-0f7f-4e38-8dc0-1d283b7cbfa6,
25651459-aba4-470d-9b95-efc0ddfe01a6,
f2fb9049-0c3c-4793-a8aa-1b02f96c0c93,
aac97ed8-29ef-4446-ba9b-8783dbda78e3,
48f3e27d-646f-40a6-a349-7a71af2364bd,
76f17889-3bce-4d55-9d51-5326f9f4b7fb,
cabf89fa-7ed2-4377-bb04-f3aab75b7f30,
f55f209a-c865-4b38-9705-8f8715457436,
c8285621-9ae3-4b1a-874f-90f5b3618be8,
b730604f-075d-46a5-9394-c5b1061b10a9,
715a9f63-323b-4921-8f94-50a753897f7d,
40fd24bd-9162-4670-80b9-fb61215de14c,
a3615029-8f65-450b-9090-b93bc3fe7a08,
121133ec-9c61-492b-9e18-01781350f0c2,
eec8816c-7916-477a-87ac-2ef1ae781167,
242ba517-2de4-439f-a326-a916c5182e62,
397ca4d1-f4e5-4f11-9fc7-5b5fbfbeafd8,
fea3b590-6f1f-47b1-bf53-8b80b739803f,
e48d96cb-ec38-4979-95a4-a96284e8bb1e,
8d5b60cd-8feb-428b-863d-811e44076571,
e4afe26d-2c93-4c40-893a-c07aace51476,
7a1618ec-21fb-47d7-8a1a-6c3607469cd6,
02ae1d56-91f1-44fb-b231-00bb59b40f5b,
fe058844-e53c-4d05-ae9c-6dc3573d5114,
4d36f258-d711-4855-b28d-8f6f8d798b89,
904c42f8-ce68-435d-a35c-6c62604d2fa6,
e4d55c95-43dd-4d51-82e6-16abcc17a3c2,
016bffb2-4d47-482f-817f-b1b46f229e80,
406b85fb-f79d-4591-89a7-3c28ca9f10c4,
0a14a9a0-f0aa-41d6-b383-e25da1679b74,
d17907b4-c234-4929-9bf1-6d58c5e606d5,
cbb528b2-5851-4186-bb27-042c3113c9a7,
b616a48f-e689-483e-b258-0b7bfd3ac931,
d7816714-8cfc-4262-8d78-9d6f25dc6ada,
b24a99ed-ffb7-462f-97b7-dba3802a1d55,
40242968-ae89-4bc0-a5d5-356ca36e4b9c,
08f22a9d-0e79-4e57-85a7-9c09fd5dff45,
4823eeab-4dda-4e39-914f-3889c764aedd,
5377c926-5571-447b-bf5d-04775c58a56e,
01cae494-fbbc-478b-9a6e-d03260115856,
1eb59fa3-a238-4d17-bf87-957c3e574bac,
3f42b6bf-7ca0-4c6c-b3b6-09a36b3366f4,
755fab84-5211-4edf-8f64-ae1ad001e61b,
50032ab6-4d91-457b-973e-da7d82a09531,
53aebf30-4ce5-4719-91b4-86d976ee8ac1,
bcd74596-88e3-4c43-82a3-68421b09b28c,
fa28bb40-a42d-4687-b905-284aaee94b23,
ebbc9c49-378e-4272-8f47-62cbd52978eb,
aa0bb8ac-9ff6-42ff-8d07-1ac143511246,
78d9d382-331a-4fdb-9d01-3321bb50ac5b,
d1bbca53-2547-43cd-a86e-add7d6a5e3c5,
2d2773b3-da67-4754-b774-9713a3257783,
54ab5668-766d-4716-8bb8-fa982f9017d8,
9128f569-636d-4333-ac37-89cf38de20a3,
67becdcd-c158-45ce-b286-5f763da0d6cb,
9589bc60-6c72-48c7-8e89-28ec72eb470d,
e2039d45-cb54-4c72-a978-96c76822e957,
44495498-a88a-4652-89f2-1f84c14d8dab,
cabce4f6-21bf-4ee8-b1a8-f21816b5b5ac,
a2d2ea88-b863-447e-90fc-ddbc4a96f0a6,
664b9c08-e303-429a-b614-c99c0460c68b,
974a30d0-ccc0-4964-92cb-5f6f1506da12,
34e39372-dcb2-4a37-90eb-90be6fec52a8,
98a6c5c1-3b4b-4f1f-b496-52aae7a0eddf,
f6650858-aee5-46a0-a0cb-8f9fce2a25bf,
6cbc0f72-b73e-4d1f-80da-0731471b5bb4,
40a9bd3b-4b99-489c-a2ac-c43af6cc7600,
9c94ea8e-f92e-4a98-a3d8-6e54a841a0bc,
13703f17-ca7c-44bb-8d56-c35a0b33493c,
b4237530-43ed-4632-9cb6-4a14fed9814c,
8546e6f5-41a4-4cd2-9481-c2bad01bcffd,
af58a2d8-e7f0-4c5b-9ff5-6a2a3c1fb106,
e66a369d-02b8-4b47-a860-743dd75b05d0,
db3edd18-8790-4c99-bedd-98ab23d899f4,
eb1e479f-0bb7-4e13-82e6-1ccefad287e4,
3e5f084d-0ae2-4880-bb76-2619b407f21b,
c3db72e9-30d0-4926-ad77-6fd39c7cc250,
dcbbcc87-70b4-4251-9846-69e1c3336771,
61e780f1-a2ce-47fb-b4d6-5d98a5504506,
8f9cf155-fc47-4d72-9041-5d30d227b215,
00506c65-eaee-4ab2-9bbd-5dc425237bb4,
b6fe4677-63f2-4bb9-952a-443939106d3a,
c8c2fe96-f4bf-4bdf-bc56-5d5f758562cc,
3913cd2b-416a-4660-a7a5-8e492796c7af,
640a5b8f-4363-4d4e-be7b-2e4ac8e2d405,
cf91f2cc-40ee-4adf-8d11-f4c828480024,
9359f835-75e5-476a-b1e1-cca74e490ee9,
d41922a2-a440-4e72-a17f-c39838e28777,
26c60214-e11d-4d05-a635-599d76a65c64,
5ae6c3cd-3763-48e8-ad7f-c1cd8eba0949,
f9b1fbde-d860-4288-a6c2-9767efbba2e6,
c7c3e6b4-2b61-414b-939d-49c257c557c0,
dcb3d9d4-e904-4c9a-9d4d-8364eeda0ea0,
f2c546e4-9583-444d-862b-ac59fd965eb1,
d5e62697-cfae-483b-bc45-9ba38a5397ed,
b021fa52-d96b-41bf-aaba-c21124dc374b,
874a859c-9e23-4382-9bf1-e074d4327bc3,
3b8cb3c2-ebd1-4195-826e-e831b0bd25cd,
09481d57-fe98-4a5a-8f35-1c7a7ab9e862,
cecd724e-dff5-4dd0-a6d5-21d1c23a7285,
f46ce60d-7b03-41cf-8b8f-9b51664b077a,
bfb07ab1-48e2-4dfe-b98c-70b3d4c3d310,
a8471ff4-a6d4-40b9-b81f-27e36b790788,
0c57d246-bc6f-4448-8fd1-dcb7012e382a,
c8921f72-ebbd-4595-88fa-e40849e4566e,
2adbcf0e-816e-488e-8ec3-b7d322f3f70a,
679b9602-f0ac-4d4b-9ecb-27fa649907b2,
df9523df-156f-4ca9-a5eb-1a2a549ded0a,
c7b829ca-5a84-4cb6-b0f6-4ffb58dab41a,
f098497d-1213-4664-9ae0-3c5e4c4b80f2,
6b77e950-19df-4b38-b565-ccc92958c2fe,
1c8e1a87-079a-4e51-a5fd-a162c25d4549,
7321eeb8-bee4-4322-8d12-f785c90c586f,
034b7fdf-9004-49d1-a9b9-6721d09ce7fa,
311c5e81-413d-4a5c-9adf-43dc451631ec,
85aa71fa-2e8e-41ff-908f-7e6bc886d306,
9899663b-83b3-4ddd-86a3-c88dc4ed99aa,
1ab00dea-63c3-48da-af75-fe5398714841,
ae3cc740-cef2-4599-8755-d40140e9a341,
d0e1bcdc-12dc-47ee-a405-16b977eb0dc6,
51f25891-fad4-4987-8c0e-cb73fcb12d36,
358731b2-3dd3-4813-a7df-f1c06bcc1fd2,
a13c7259-db93-44de-8516-466ae7ac9571,
3d361a22-e042-4a84-9489-f55647066778,
1357c723-40be-40e8-8f3b-04346de12719,
c6e4a2b6-889c-4cfc-aee8-3d9c9383ab55,
9a82a39b-5aaa-4cda-9548-00908bf18729,
724d80e8-dc0f-4a3c-95b9-9b9de77b0ff1,
8aaf8d73-84a5-4d37-873e-57aea5105a4b,
7170cd9b-1d2b-4e8f-97db-bbe78a313f85,
3cacb697-a7aa-4a73-a89f-0b28b5772218,
53be3b41-2e66-476f-9398-dbd537bd2bb3,
99be470f-11b3-47e8-86d9-0e620dd984d8,
865da5e4-648a-4d25-9143-08a98c48a9ab,
521686fd-6b29-4754-8493-47b8f79bbc51,
311b6dbf-140e-41be-a679-df3c7231a467,
0d4bd819-6758-4e87-aea0-2bb6876c0c7f,
11d603a6-2412-457f-bb70-32d206899986,
4c2fd585-c77b-47ca-a7b5-1153ea8b919e,
adbcb0b1-aad3-418c-940f-d86b183c0e39,
d2b00e46-2454-4abd-898d-f7cfd542472c,
a0c85926-aeaf-4f6d-b3c9-725e013eb02f,
106a0f46-a027-4133-ab1f-2213487284a8,
dbbb28c4-0bb2-40b4-9531-6755108bb600,
48310b56-e2ad-4fa2-953e-1a855497fc32,
bc12d474-b1c4-4841-b285-5161ab5562f2,
918def0b-434b-4287-80f0-beb88b4bc3b6,
bb97c049-8216-483b-bda7-57bf1fe44dd9,
157f72fb-b58f-4c86-91ed-9a078f80e098,
17eeb486-5411-4ef8-8320-800e7437f083,
fb9d14c0-bed2-489a-9647-e69270cbad8d,
a2f2ffdc-2490-4e14-a004-a96d2cbee209,
f8751784-8c8c-45a5-ab09-b55e7cdc370d,
55951927-4fb7-4a92-80ef-f74a60563930,
15703b00-bcd6-43f8-9e14-31d43a2585fa,
5f0f86c4-4103-497b-a4f9-065f0fd67608,
c64b96ad-4086-48ca-8ae5-6bc60d10d88c,
bab6714a-fd53-46f9-b722-f167e284b322,
f5d7cdf1-f2c3-4a46-83c9-9ffcad4d8801,
b4084265-04ac-497d-bb25-a1a1c417b2fa,
7bc1ccac-ddbd-4711-a512-8b461135b31a,
7bc9ec6b-4bf6-49e3-8d1f-f582087601f1,
3895ffe4-591b-4d15-89d6-b7caf1994b4c,
2f327166-f537-4b28-bcc7-857edf6e8dbb,
c59440a9-0e80-48ab-b24a-b15deae93b69,
0ff3adcd-d6d6-4740-a764-457beb950225,
6a22c087-4ff9-44f1-b418-6896f544657f,
54e0c11b-1040-45d4-9306-1c4d1c9252b6,
3241798e-c3de-4747-8065-3d3e6b95bf53,
8b8607e7-68ad-43c2-a339-79893c1f6e38,
af625371-7c4b-4ed9-978d-fa6adbf56e20,
8ec47c07-1323-4d1e-b525-fe8cd581aeb9,
db6c3934-95e2-4e70-8ca3-5d26500f98b0,
2c62a8e3-d2f8-42ee-933c-1c90c42edd61,
a3b2ba83-f64b-4157-a0c7-3af620bc9ac5,
81c1a23c-62dd-488d-9173-cb14a80749ca,
9190583c-a90e-4686-8b36-9d51107a99e4,
eed63f14-643f-4f41-aa24-3ae3b70f4166,
0d01a965-deca-45e3-b14c-6f3933d8641d,
c3c9fc79-ab9f-4559-b13e-8ba6b68aaa8b,
99983a30-d479-4e5b-9334-1542ecf84b6f,
76575e82-9276-45dd-98a5-b516d012a8e6,
c9342e87-c8de-410a-baa5-d2798d105d8a,
ccba2871-5a47-4a02-8993-d1f23eabb0fb,
51fb380d-dcd6-43ca-b63f-b57a639f6314,
45a5880c-7e37-4ab8-81f6-980e0c6465eb,
5b474bbd-bf73-49b4-819e-cf6d37be870b,
94d9d8bc-6bd4-4c19-a6db-b1f39077a8e7,
785a4341-448c-488e-930b-2f43b2b0cc42,
1b55e24f-3788-41f2-bc71-4d4449952a80,
9f1eb43c-b3cb-46c9-bb0d-b272ade2145d,
6c99b218-14bb-4a16-a199-3a5c5ee039d7,
93ae39cc-0d6b-412c-80ff-d51ad3c25514,
c7ac90cb-665c-4d66-b71c-ea83c92a901e,
5bbb129b-abe8-474a-888b-76d15044c399,
22c4ed0f-6d43-4177-bf0a-83a2897f83f3,
89099019-f8ac-461e-9700-2351bc2d89cc,
966094d9-d315-41bb-8275-89865d9f5a97,
f55d5506-a91e-4e71-95c3-eedd25fd77d9,
5b850034-87b0-4bc4-b4be-eb7d9c359f85,
0f952a62-a817-4bf8-ad8c-3ffc2fedf27b,
d6f0ae9a-f2f9-4e17-8ab7-9578c1013b84,
4d5168e9-f5fd-4aaa-88cc-f92ad2649a44,
b715186e-ccac-45bd-9db3-d72b429a8b42,
89858a18-e8fa-4737-9d34-db4b14e7ae96,
b4b77ab0-ca1c-425a-82f4-d153a2a0508e,
